무더위쉼터명,위도,경도,,,,,,,,,,,,,,,,,,,,,,,,,,,,
삼봉경로당,35.646982,127.347134,,,,,,,,,,,,,,,,,,,,,,,,,,,,
금동경로당,35.637126,127.344619,,,,,,,,,,,,,,,,,,,,,,,,,,,,
대왕경로당,35.650318,127.362468,,,,,,,,,,,,,,,,,,,,,,,,,,,,
성수경로당,35.640988,127.38308,,,,,,,,,,,,,,,,,,,,,,,,,,,,
왕방경로당,35.623254,127.371735,,,,,,,,,,,,,,,,,,,,,,,,,,,,
원증경로당,35.625804,127.387204,,,,,,,,,,,,,,,,,,,,,,,,,,,,
서수경로당,35.9807713,126.8798249,,,,,,,,,,,,,,,,,,,,,,,,,,,,
상장곤경로당,36.0055049,126.8841308,,,,,,,,,,,,,,,,,,,,,,,,,,,,
서수파출소,35.9821334,126.8764776,,,,,,,,,,,,,,,,,,,,,,,,,,,,
하용전경로당,35.978505,126.8754584,,,,,,,,,,,,,,,,,,,,,,,,,,,,
덕곡경로당,35.9574827,126.8300217,,,,,,,,,,,,,,,,,,,,,,,,,,,,
지경경로당,36.744617,127.7252802,,,,,,,,,,,,,,,,,,,,,,,,,,,,
국민은행 대구혁신도시지점,35.8670594,128.7246317,,,,,,,,,,,,,,,,,,,,,,,,,,,,
검사1경로당(할머니경로당),35.8881221,128.6512169,,,,,,,,,,,,,,,,,,,,,,,,,,,,
동촌동 행정복지센터,35.8867766,128.6482739,,,,,,,,,,,,,,,,,,,,,,,,,,,,
노고산경로당,37.553825,126.939219,,,,,,,,,,,,,,,,,,,,,,,,,,,,
대경경로당,37.5467938,126.9426594,,,,,,,,,,,,,,,,,,,,,,,,,,,,
우리마포복지관,37.5558271,126.9427347,,,,,,,,,,,,,,,,,,,,,,,,,,,,
신원1리 경로당,36.6930724,126.818711,,,,,,,,,,,,,,,,,,,,,,,,,,,,
유한강변타운 경로당,35.4796025,128.7562788,,,,,,,,,,,,,,,,,,,,,,,,,,,,
반월2LH경로당,35.8718873,127.0710853,,,,,,,,,,,,,,,,,,,,,,,,,,,,
신상용전경로당,35.9912093,126.9108229,,,,,,,,,,,,,,,,,,,,,,,,,,,,
호산경로당,35.9894525,126.8747967,,,,,,,,,,,,,,,,,,,,,,,,,,,,
구산경로당,35.9899669,126.8722993,,,,,,,,,,,,,,,,,,,,,,,,,,,,
장자경로당,35.9911974,126.9108599,,,,,,,,,,,,,,,,,,,,,,,,,,,,
마포경로당,36.0047091,126.9110235,,,,,,,,,,,,,,,,,,,,,,,,,,,,
하금경로당,36.0066505,126.9052273,,,,,,,,,,,,,,,,,,,,,,,,,,,,
기린경로당,35.8203295,127.1630697,,,,,,,,,,,,,,,,,,,,,,,,,,,,
신원2리 경로당,36.7055174,126.8137711,,,,,,,,,,,,,,,,,,,,,,,,,,,,
오가면사무소,36.68749,126.7983361,,,,,,,,,,,,,,,,,,,,,,,,,,,,
신석2리 마을회관,36.6854233,126.7767642,,,,,,,,,,,,,,,,,,,,,,,,,,,,
청아경로당,35.8921916,127.0246338,,,,,,,,,,,,,,,,,,,,,,,,,,,,
중앙경로당,35.8924391,127.0177316,,,,,,,,,,,,,,,,,,,,,,,,,,,,
한강경로당,35.8736768,127.0708982,,,,,,,,,,,,,,,,,,,,,,,,,,,,
남양경로당,35.872979,127.0688189,,,,,,,,,,,,,,,,,,,,,,,,,,,,
원동부녀경로당,35.8730027,127.0609595,,,,,,,,,,,,,,,,,,,,,,,,,,,,
용정구원경로당,35.8684223,127.0177109,,,,,,,,,,,,,,,,,,,,,,,,,,,,
화전경로당,35.8843566,127.0175922,,,,,,,,,,,,,,,,,,,,,,,,,,,,
강변,37.3658624,128.3961382,,,,,,,,,,,,,,,,,,,,,,,,,,,,
금암경로당,36.0070867,126.9028455,,,,,,,,,,,,,,,,,,,,,,,,,,,,
송죽경로당,35.8290453,127.1508817,,,,,,,,,,,,,,,,,,,,,,,,,,,,
월곡경로당,35.8604038,127.0785472,,,,,,,,,,,,,,,,,,,,,,,,,,,,
개정면사무소,35.9583016,126.7965522,,,,,,,,,,,,,,,,,,,,,,,,,,,,
동만자경로당,35.9435841,126.8078631,,,,,,,,,,,,,,,,,,,,,,,,,,,,
경창경로당,35.9131323,126.8079883,,,,,,,,,,,,,,,,,,,,,,,,,,,,
대차경로당,35.9184276,126.8151015,,,,,,,,,,,,,,,,,,,,,,,,,,,,
우덕경로당,35.9476136,126.810227,,,,,,,,,,,,,,,,,,,,,,,,,,,,
내상경로당,35.9313,126.8093,,,,,,,,,,,,,,,,,,,,,,,,,,,,
남우경로당,35.9378,126.8201,,,,,,,,,,,,,,,,,,,,,,,,,,,,
대야우체국,35.9474,126.8096,,,,,,,,,,,,,,,,,,,,,,,,,,,,
대야면사무소,35.9466495,126.811679,,,,,,,,,,,,,,,,,,,,,,,,,,,,
상리경노당,35.9266439,126.8265384,,,,,,,,,,,,,,,,,,,,,,,,,,,,
도대1리 경로당,37.9243585,127.4941087,,,,,,,,,,,,,,,,,,,,,,,,,,,,
신촌경로당,35.914645,126.8341559,,,,,,,,,,,,,,,,,,,,,,,,,,,,
신복경로당,35.9367762,126.8391663,,,,,,,,,,,,,,,,,,,,,,,,,,,,
서악경노당,35.9508,126.8131,,,,,,,,,,,,,,,,,,,,,,,,,,,,
석화경노당,35.950419,126.8248039,,,,,,,,,,,,,,,,,,,,,,,,,,,,
오동경노당,35.9522081,126.8103594,,,,,,,,,,,,,,,,,,,,,,,,,,,,
양지경로당,35.9473,126.8104,,,,,,,,,,,,,,,,,,,,,,,,,,,,
석전마을회관,35.2850498,128.5246217,,,,,,,,,,,,,,,,,,,,,,,,,,,,
죽청경로당,35.3156125,128.5227988,,,,,,,,,,,,,,,,,,,,,,,,,,,,
야촌경로당,35.278386,128.524432,,,,,,,,,,,,,,,,,,,,,,,,,,,,
아산경로당,35.9775504,126.794554,,,,,,,,,,,,,,,,,,,,,,,,,,,,
원아산경로당,35.9729703,126.799103,,,,,,,,,,,,,,,,,,,,,,,,,,,,
평리경로당,35.8466804,127.0597085,,,,,,,,,,,,,,,,,,,,,,,,,,,,
신흥경로당,35.8317361,127.0743114,,,,,,,,,,,,,,,,,,,,,,,,,,,,
혁신호반베르디움1차경로당,35.8375252,127.0612983,,,,,,,,,,,,,,,,,,,,,,,,,,,,
전북혁신우미린1단지경로당,35.8371339,127.0630119,,,,,,,,,,,,,,,,,,,,,,,,,,,,
호반센트럴2경로당,35.8350028,127.0629526,,,,,,,,,,,,,,,,,,,,,,,,,,,,
호반베르디움더클래스경로당,35.8405711,127.0601568,,,,,,,,,,,,,,,,,,,,,,,,,,,,
엘에이치이노팰리스경로당,35.8408534,127.0627953,,,,,,,,,,,,,,,,,,,,,,,,,,,,
롯데캐슬경로당,37.617756,127.035598,,,,,,,,,,,,,,,,,,,,,,,,,,,,
송천동주민센터,37.618268,127.023834,,,,,,,,,,,,,,,,,,,,,,,,,,,,
미아동부경로당,37.613607,127.02573,,,,,,,,,,,,,,,,,,,,,,,,,,,,
주교1리 경로당,36.6839,126.8299,,,,,,,,,,,,,,,,,,,,,,,,,,,,
주교2리 경로당,36.68759,126.8299693,,,,,,,,,,,,,,,,,,,,,,,,,,,,
주교4리 경로당,36.6778857,126.8268297,,,,,,,,,,,,,,,,,,,,,,,,,,,,
산성2리 마을회관,36.6881567,126.8330202,,,,,,,,,,,,,,,,,,,,,,,,,,,,
산성2리 할아버지 경로당,36.6886654,126.8337357,,,,,,,,,,,,,,,,,,,,,,,,,,,,
예산4리 경로당,36.6789796,126.8507912,,,,,,,,,,,,,,,,,,,,,,,,,,,,
예산5리 경로당,36.6773486,126.8468701,,,,,,,,,,,,,,,,,,,,,,,,,,,,
예산6리 경로당,36.678,126.8397,,,,,,,,,,,,,,,,,,,,,,,,,,,,
곡촌경로당,35.2760485,128.5337546,,,,,,,,,,,,,,,,,,,,,,,,,,,,
송악송학1리경로당,36.6781576,126.9850197,,,,,,,,,,,,,,,,,,,,,,,,,,,,
배방휴대3리경로당,36.7808625,127.113103,,,,,,,,,,,,,,,,,,,,,,,,,,,,
신동화1경로당,35.9494213,126.8051004,,,,,,,,,,,,,,,,,,,,,,,,,,,,
우산경로당,35.9450785,126.7996985,,,,,,,,,,,,,,,,,,,,,,,,,,,,
산곡경로당,35.9805045,126.8158346,,,,,,,,,,,,,,,,,,,,,,,,,,,,
신흥경로당,35.939389,126.7749202,,,,,,,,,,,,,,,,,,,,,,,,,,,,
작촌경로당,35.9779172,126.8228486,,,,,,,,,,,,,,,,,,,,,,,,,,,,
배방수철1리경로당,36.7237073,127.062461,,,,,,,,,,,,,,,,,,,,,,,,,,,,
배방신흥리감태경로당,36.7579093,127.0369302,,,,,,,,,,,,,,,,,,,,,,,,,,,,
배방휴대2리경로당,36.7778887,127.1072747,,,,,,,,,,,,,,,,,,,,,,,,,,,,
천동경로당,35.62068,127.340415,,,,,,,,,,,,,,,,,,,,,,,,,,,,
구곡경로당,35.614757,127.340199,,,,,,,,,,,,,,,,,,,,,,,,,,,,
신촌경로당,35.621323,127.31661,,,,,,,,,,,,,,,,,,,,,,,,,,,,
월평경로당,35.611875,127.325896,,,,,,,,,,,,,,,,,,,,,,,,,,,,
월굴경로당,35.61116,127.322127,,,,,,,,,,,,,,,,,,,,,,,,,,,,
수월경로당,35.615299,127.33058,,,,,,,,,,,,,,,,,,,,,,,,,,,,
봉강경로당,35.607237,127.331541,,,,,,,,,,,,,,,,,,,,,,,,,,,,
신계월경로당,35.603828,127.331106,,,,,,,,,,,,,,,,,,,,,,,,,,,,
덕치경로당,35.595403,127.323606,,,,,,,,,,,,,,,,,,,,,,,,,,,,
내검마을 정자,35.9548642,126.9158261,,,,,,,,,,,,,,,,,,,,,,,,,,,,
모정,35.3358882,127.3148944,,,,,,,,,,,,,,,,,,,,,,,,,,,,
야외무더위쉼터-164(고순),34.8921276,127.9889621,,,,,,,,,,,,,,,,,,,,,,,,,,,,
동막교 교량 하부,37.7265859,127.0517986,,,,,,,,,,,,,,,,,,,,,,,,,,,,
가곡리 은행나무,37.6877126,127.300301,,,,,,,,,,,,,,,,,,,,,,,,,,,,
정자,35.375004,127.4008219,,,,,,,,,,,,,,,,,,,,,,,,,,,,
모정,35.3297997,127.3645319,,,,,,,,,,,,,,,,,,,,,,,,,,,,
정자,35.5092377,127.3922489,,,,,,,,,,,,,,,,,,,,,,,,,,,,
마산 보건진료소,34.845963,127.451557,,,,,,,,,,,,,,,,,,,,,,,,,,,,
학산 보건진료소,34.864037,127.487734,,,,,,,,,,,,,,,,,,,,,,,,,,,,
계룡리슈빌경로당,35.1211,126.9322,,,,,,,,,,,,,,,,,,,,,,,,,,,,
백운휴먼시아1단지 정자,35.141367,126.9039288,,,,,,,,,,,,,,,,,,,,,,,,,,,,
백운우방아파트 정자,35.1388772,126.9031718,,,,,,,,,,,,,,,,,,,,,,,,,,,,
백운휴먼시아1단지 정자,35.1418705,126.9039747,,,,,,,,,,,,,,,,,,,,,,,,,,,,
금영푸르미 파고라,35.1264701,126.8983212,,,,,,,,,,,,,,,,,,,,,,,,,,,,
신영루체빌 파고라,35.1296922,126.9019162,,,,,,,,,,,,,,,,,,,,,,,,,,,,
주월현대2차 정자,35.1291846,126.8925259,,,,,,,,,,,,,,,,,,,,,,,,,,,,
덕산훼미리 정자,35.1253906,126.9048728,,,,,,,,,,,,,,,,,,,,,,,,,,,,
오네뜨쉼터1,35.1293978,126.9030897,,,,,,,,,,,,,,,,,,,,,,,,,,,,
개동정,35.28199,126.9393041,,,,,,,,,,,,,,,,,,,,,,,,,,,,
느리울아파트11단지경로당,36.3017622,127.3443518,,,,,,,,,,,,,,,,,,,,,,,,,,,,
구봉마을8-1단지경로당,36.2974363,127.3300525,,,,,,,,,,,,,,,,,,,,,,,,,,,,
느리울아파트12단지경로당,36.2977903,127.3418526,,,,,,,,,,,,,,,,,,,,,,,,,,,,
서강2차아파트 경로당,37.445069,126.794439,,,,,,,,,,,,,,,,,,,,,,,,,,,,
서강1차아파트 경로당,37.446818,126.792651,,,,,,,,,,,,,,,,,,,,,,,,,,,,
우성1차아파트 경로당,37.446183,126.793426,,,,,,,,,,,,,,,,,,,,,,,,,,,,
서해아파트 경로당,37.443809,126.793845,,,,,,,,,,,,,,,,,,,,,,,,,,,,
흑석2경로당,36.260818,127.347383,,,,,,,,,,,,,,,,,,,,,,,,,,,,
용촌경로당,36.2479802,127.3232854,,,,,,,,,,,,,,,,,,,,,,,,,,,,
정방경로당,36.2527197,127.3174212,,,,,,,,,,,,,,,,,,,,,,,,,,,,
용촌미림경로당,36.2486672,127.312936,,,,,,,,,,,,,,,,,,,,,,,,,,,,
무궁화용사촌경로당,36.2263499,127.3091882,,,,,,,,,,,,,,,,,,,,,,,,,,,,
대보아파트경로당,37.4368256,126.7858964,,,,,,,,,,,,,,,,,,,,,,,,,,,,
덕고을경로당,37.4370206,126.7783613,,,,,,,,,,,,,,,,,,,,,,,,,,,,
도원경로당,37.4382984,126.7775461,,,,,,,,,,,,,,,,,,,,,,,,,,,,
신현동 주민센터 2층 소회의실,37.4061874,126.7845685,,,,,,,,,,,,,,,,,,,,,,,,,,,,
우미린더퍼스트 경로당,37.4403119,126.8037854,,,,,,,,,,,,,,,,,,,,,,,,,,,,
동진2차아파트경로당,37.437092,126.7788741,,,,,,,,,,,,,,,,,,,,,,,,,,,,
모정,35.3270418,127.3317856,,,,,,,,,,,,,,,,,,,,,,,,,,,,
모정,35.3574165,127.3522939,,,,,,,,,,,,,,,,,,,,,,,,,,,,
정평어린이공원,35.8359444,128.7276458,,,,,,,,,,,,,,,,,,,,,,,,,,,,
중산제1어린이공원,35.8293564,128.720622,,,,,,,,,,,,,,,,,,,,,,,,,,,,
옥산5어린이공원,35.8314665,128.7250704,,,,,,,,,,,,,,,,,,,,,,,,,,,,
옥산6어린이공원,35.8301942,128.7278435,,,,,,,,,,,,,,,,,,,,,,,,,,,,
중산어린이공원,35.8302634,128.7288115,,,,,,,,,,,,,,,,,,,,,,,,,,,,
1호 어린이공원(라온유치원),35.8409872,128.7505365,,,,,,,,,,,,,,,,,,,,,,,,,,,,
쌍수2리 경로당,36.575867,127.5137538,,,,,,,,,,,,,,,,,,,,,,,,,,,,
야외무더위쉼터-156(유도),34.8996113,127.9929162,,,,,,,,,,,,,,,,,,,,,,,,,,,,
야외무더위쉼터-161(서대),34.8775072,127.9847172,,,,,,,,,,,,,,,,,,,,,,,,,,,,
야외무더위쉼터-110(중리),34.8498237,127.8192724,,,,,,,,,,,,,,,,,,,,,,,,,,,,
야외무더위쉼터-102(연죽),34.8298369,127.8629143,,,,,,,,,,,,,,,,,,,,,,,,,,,,
야외무더위쉼터-104(노구),34.8646152,127.8227004,,,,,,,,,,,,,,,,,,,,,,,,,,,,
야외무더위쉼터-108(금곡),34.8089797,127.8563704,,,,,,,,,,,,,,,,,,,,,,,,,,,,
연주리 잔디광장,36.3560813,127.673172,,,,,,,,,,,,,,,,,,,,,,,,,,,,
정자,35.3964717,127.5092322,,,,,,,,,,,,,,,,,,,,,,,,,,,,
정자,35.366869,127.4121353,,,,,,,,,,,,,,,,,,,,,,,,,,,,
정자,35.3895209,127.4088625,,,,,,,,,,,,,,,,,,,,,,,,,,,,
정자,35.4083996,127.4084131,,,,,,,,,,,,,,,,,,,,,,,,,,,,
정자,35.3945896,127.4409779,,,,,,,,,,,,,,,,,,,,,,,,,,,,
정자,35.3901301,127.4313143,,,,,,,,,,,,,,,,,,,,,,,,,,,,
은행동 행정복지센터,37.436333,126.798017,,,,,,,,,,,,,,,,,,,,,,,,,,,,
장찬마을 모정,35.3510993,126.9875853,,,,,,,,,,,,,,,,,,,,,,,,,,,,
야외무더위쉼터-60(갈현),34.8086089,127.9953401,,,,,,,,,,,,,,,,,,,,,,,,,,,,
야외무더위쉼터-75(호도A),34.6864354,128.0452853,,,,,,,,,,,,,,,,,,,,,,,,,,,,
야외무더위쉼터-82(죽전),35.3445868,128.6116675,,,,,,,,,,,,,,,,,,,,,,,,,,,,
신대1리 야외무더위쉼터,36.0933683,127.5021161,,,,,,,,,,,,,,,,,,,,,,,,,,,,
월산근린공원,35.1402856,126.8996207,,,,,,,,,,,,,,,,,,,,,,,,,,,,
송촌파인힐 정자,35.1403451,126.9043394,,,,,,,,,,,,,,,,,,,,,,,,,,,,
백운우방아파트 정자,35.1390646,126.9031332,,,,,,,,,,,,,,,,,,,,,,,,,,,,
백운현대 쉼터,35.1386988,126.9058058,,,,,,,,,,,,,,,,,,,,,,,,,,,,
사직스카이 정자,35.1419894,126.9081057,,,,,,,,,,,,,,,,,,,,,,,,,,,,
현포마을 정자,35.4411733,127.2412234,,,,,,,,,,,,,,,,,,,,,,,,,,,,
덕우정,35.1580633,126.8094601,,,,,,,,,,,,,,,,,,,,,,,,,,,,
주월 경남아파트 정자,35.1277746,126.9024733,,,,,,,,,,,,,,,,,,,,,,,,,,,,
세은3어린이공원,35.1353637,126.8971667,,,,,,,,,,,,,,,,,,,,,,,,,,,,
세은5어린이공원,35.1366779,126.8934668,,,,,,,,,,,,,,,,,,,,,,,,,,,,
주월영무예다음1차 파고라,35.1401694,126.8884296,,,,,,,,,,,,,,,,,,,,,,,,,,,,
해태2차아파트 정자,35.1401377,126.8883555,,,,,,,,,,,,,,,,,,,,,,,,,,,,
현대어린이공원,35.1164843,126.8992645,,,,,,,,,,,,,,,,,,,,,,,,,,,,
남양휴튼 정자,35.1071589,126.9059902,,,,,,,,,,,,,,,,,,,,,,,,,,,,
신송2리 경로당,36.5741449,127.4894826,,,,,,,,,,,,,,,,,,,,,,,,,,,,
미니 어린이공원,37.4491162,126.6849657,,,,,,,,,,,,,,,,,,,,,,,,,,,,
문현혁신 문화공원 쉼터,35.1486379,129.0641735,,,,,,,,,,,,,,,,,,,,,,,,,,,,
원구성마을쉼터,35.3061187,128.5206803,,,,,,,,,,,,,,,,,,,,,,,,,,,,
박산마을 모정,35.3734922,126.9216207,,,,,,,,,,,,,,,,,,,,,,,,,,,,
교량하부,35.3237781,126.9881057,,,,,,,,,,,,,,,,,,,,,,,,,,,,
관방제림,35.3234773,126.9895953,,,,,,,,,,,,,,,,,,,,,,,,,,,,
금소교,36.5028113,128.8535216,,,,,,,,,,,,,,,,,,,,,,,,,,,,
홀론공원,36.5585932,128.7201821,,,,,,,,,,,,,,,,,,,,,,,,,,,,
천리고가교,36.560363,128.7264295,,,,,,,,,,,,,,,,,,,,,,,,,,,,
옥동근린공원,36.5585652,128.6936822,,,,,,,,,,,,,,,,,,,,,,,,,,,,
옥동제6공원,36.5603763,128.7027057,,,,,,,,,,,,,,,,,,,,,,,,,,,,
천리소하천 물놀이장,36.5582697,128.7137263,,,,,,,,,,,,,,,,,,,,,,,,,,,,
광회2리 쉼터,36.9273457,129.1361152,,,,,,,,,,,,,,,,,,,,,,,,,,,,
삼근2리 쉼터,36.9380766,129.2300649,,,,,,,,,,,,,,,,,,,,,,,,,,,,
소광리 쉼터,36.972351,129.2110405,,,,,,,,,,,,,,,,,,,,,,,,,,,,
기양1리마을입구 쉼터,36.9073283,129.3764474,,,,,,,,,,,,,,,,,,,,,,,,,,,,
황금산공원 무더위 쉼터,37.6050789,127.1675413,,,,,,,,,,,,,,,,,,,,,,,,,,,,
덕신2리동회관옆 쉼터,36.8797473,129.3954313,,,,,,,,,,,,,,,,,,,,,,,,,,,,
국계,35.312386,128.3307259,,,,,,,,,,,,,,,,,,,,,,,,,,,,
객현2리 경로당 야외 무더위쉼터,37.9721187,126.943591,,,,,,,,,,,,,,,,,,,,,,,,,,,,
구읍2리 경로당 야외 무더위쉼터,37.9551157,126.921089,,,,,,,,,,,,,,,,,,,,,,,,,,,,
모정,35.3273617,127.3339174,,,,,,,,,,,,,,,,,,,,,,,,,,,,
모정,35.3287498,127.3736564,,,,,,,,,,,,,,,,,,,,,,,,,,,,
정자,35.3222935,127.2852857,,,,,,,,,,,,,,,,,,,,,,,,,,,,
모정,35.320596,127.2022314,,,,,,,,,,,,,,,,,,,,,,,,,,,,
신항2마을쉼터,36.8547888,127.7764675,,,,,,,,,,,,,,,,,,,,,,,,,,,,
정자,35.5178014,127.3502878,,,,,,,,,,,,,,,,,,,,,,,,,,,,
삼송3마을쉼터,36.6643799,127.8818745,,,,,,,,,,,,,,,,,,,,,,,,,,,,
읍내4마을쉼터,36.776968,127.6397704,,,,,,,,,,,,,,,,,,,,,,,,,,,,
옥천1마을 정자,35.3746143,127.1345322,,,,,,,,,,,,,,,,,,,,,,,,,,,,
햇네 쉼터,36.8831104,129.263031,,,,,,,,,,,,,,,,,,,,,,,,,,,,
하오마을 정자,35.8979092,127.1311085,,,,,,,,,,,,,,,,,,,,,,,,,,,,
정자,35.5058583,127.6060099,,,,,,,,,,,,,,,,,,,,,,,,,,,,
정자,35.5198362,127.5853726,,,,,,,,,,,,,,,,,,,,,,,,,,,,
모정,35.4195761,127.2591658,,,,,,,,,,,,,,,,,,,,,,,,,,,,
모정,35.4148109,127.2626051,,,,,,,,,,,,,,,,,,,,,,,,,,,,
모정,35.3879678,127.2420465,,,,,,,,,,,,,,,,,,,,,,,,,,,,
모정,35.3675648,127.2335119,,,,,,,,,,,,,,,,,,,,,,,,,,,,
모정,35.3464432,127.1926075,,,,,,,,,,,,,,,,,,,,,,,,,,,,
풍영정천 어린이공원,35.1779033,126.8140939,,,,,,,,,,,,,,,,,,,,,,,,,,,,
도천6통 모정,35.2156831,126.819927,,,,,,,,,,,,,,,,,,,,,,,,,,,,
수완15통모정,35.2038195,126.8286551,,,,,,,,,,,,,,,,,,,,,,,,,,,,
정자,35.4689256,127.5400533,,,,,,,,,,,,,,,,,,,,,,,,,,,,
서홍동주민센터,33.2558934,126.5601428,,,,,,,,,,,,,,,,,,,,,,,,,,,,
대륜동주민센터,33.2482083,126.5114084,,,,,,,,,,,,,,,,,,,,,,,,,,,,
포동경로당,37.4030234,126.7732711,,,,,,,,,,,,,,,,,,,,,,,,,,,,
대조경로당,35.2499891,127.0387235,,,,,,,,,,,,,,,,,,,,,,,,,,,,
동면사무소,38.2023386,128.0436371,,,,,,,,,,,,,,,,,,,,,,,,,,,,
송현1리경로당,38.2270564,127.957403,,,,,,,,,,,,,,,,,,,,,,,,,,,,
오미리경로당,38.1890889,127.9220917,,,,,,,,,,,,,,,,,,,,,,,,,,,,
금악보건진료소,38.1939423,127.9300479,,,,,,,,,,,,,,,,,,,,,,,,,,,,
기암경로당,35.648556,127.177122,,,,,,,,,,,,,,,,,,,,,,,,,,,,
쌍암경로당(부),35.658716,127.164386,,,,,,,,,,,,,,,,,,,,,,,,,,,,
입석경로당,35.635201,127.15635,,,,,,,,,,,,,,,,,,,,,,,,,,,,
온누리사회적협동조합,35.593521,127.125558,,,,,,,,,,,,,,,,,,,,,,,,,,,,
운암면사무소,35.6606532,127.1604666,,,,,,,,,,,,,,,,,,,,,,,,,,,,
상운모 경로당,35.659261,127.160738,,,,,,,,,,,,,,,,,,,,,,,,,,,,
민원중계소,35.5918557,127.1241366,,,,,,,,,,,,,,,,,,,,,,,,,,,,
광석경로당,35.613321,127.214896,,,,,,,,,,,,,,,,,,,,,,,,,,,,
선거경로당(부),35.604321,127.177977,,,,,,,,,,,,,,,,,,,,,,,,,,,,
지천마을회관,35.621936,127.15859,,,,,,,,,,,,,,,,,,,,,,,,,,,,
하자포3리 마을회관,37.428915,127.5337459,,,,,,,,,,,,,,,,,,,,,,,,,,,,
외성경로당,36.045049,127.024589,,,,,,,,,,,,,,,,,,,,,,,,,,,,
지사경로당,35.813903,127.487283,,,,,,,,,,,,,,,,,,,,,,,,,,,,
문수-3,34.7597471,127.7048689,,,,,,,,,,,,,,,,,,,,,,,,,,,,
야외무더위쉼터-72(노구),34.7549201,128.0536689,,,,,,,,,,,,,,,,,,,,,,,,,,,,
정자,35.5276669,127.3868936,,,,,,,,,,,,,,,,,,,,,,,,,,,,
모정,35.4260896,127.4742819,,,,,,,,,,,,,,,,,,,,,,,,,,,,
정자,35.4797658,127.595026,,,,,,,,,,,,,,,,,,,,,,,,,,,,
야외무더위쉼터-23(심천),34.8533994,127.895852,,,,,,,,,,,,,,,,,,,,,,,,,,,,
야외무더위쉼터-29(소입현),34.8322189,127.9046908,,,,,,,,,,,,,,,,,,,,,,,,,,,,
야외무더위쉼터-32(마산),34.8306696,127.8928882,,,,,,,,,,,,,,,,,,,,,,,,,,,,
세창짜임경로당,35.799351,127.1272923,,,,,,,,,,,,,,,,,,,,,,,,,,,,
세경경로당,35.7989958,127.1223368,,,,,,,,,,,,,,,,,,,,,,,,,,,,
삼천쌍용2단지경로당,35.7997528,127.1248449,,,,,,,,,,,,,,,,,,,,,,,,,,,,
안행현대경로당,35.8014986,127.1295939,,,,,,,,,,,,,,,,,,,,,,,,,,,,
양지경로당,35.801325,127.1219829,,,,,,,,,,,,,,,,,,,,,,,,,,,,
팔야1리 경로당,37.7499588,127.2215139,,,,,,,,,,,,,,,,,,,,,,,,,,,,
팔야2리 경로당,37.7451506,127.2020203,,,,,,,,,,,,,,,,,,,,,,,,,,,,
팔야2리 북삼리 경로당,37.745269,127.20652,,,,,,,,,,,,,,,,,,,,,,,,,,,,
상아그린아파트경로당,37.4221646,126.7971711,,,,,,,,,,,,,,,,,,,,,,,,,,,,
부국아파트경로당,37.4170525,126.7927154,,,,,,,,,,,,,,,,,,,,,,,,,,,,
은계네이처포레 경로당,37.4391236,126.8053135,,,,,,,,,,,,,,,,,,,,,,,,,,,,
다목적실내구장,35.822695,127.487191,,,,,,,,,,,,,,,,,,,,,,,,,,,,
문화경로당,35.822925,127.488468,,,,,,,,,,,,,,,,,,,,,,,,,,,,
금지경로당,35.860795,127.475695,,,,,,,,,,,,,,,,,,,,,,,,,,,,
금당경로당,35.88961,127.521007,,,,,,,,,,,,,,,,,,,,,,,,,,,,
원주평마을회관,35.818603,127.485708,,,,,,,,,,,,,,,,,,,,,,,,,,,,
반송보건진료소,35.667242,127.402296,,,,,,,,,,,,,,,,,,,,,,,,,,,,
상백경로당,35.686916,127.416379,,,,,,,,,,,,,,,,,,,,,,,,,,,,
동신경로당,35.678272,127.391045,,,,,,,,,,,,,,,,,,,,,,,,,,,,
임신경로당,35.643716,127.447413,,,,,,,,,,,,,,,,,,,,,,,,,,,,
석천경로당,36.067298,127.041032,,,,,,,,,,,,,,,,,,,,,,,,,,,,
호천경로당,36.083691,127.036347,,,,,,,,,,,,,,,,,,,,,,,,,,,,
하낭경로당,36.055572,127.028632,,,,,,,,,,,,,,,,,,,,,,,,,,,,
진벌1리 경로당,37.7371769,127.2278092,,,,,,,,,,,,,,,,,,,,,,,,,,,,
진벌2리 경로당,37.7435785,127.2164528,,,,,,,,,,,,,,,,,,,,,,,,,,,,
마암경로당,35.615068,127.10239,,,,,,,,,,,,,,,,,,,,,,,,,,,,
운종경로당,35.609284,127.117432,,,,,,,,,,,,,,,,,,,,,,,,,,,,
운암경로당,35.595512,127.121137,,,,,,,,,,,,,,,,,,,,,,,,,,,,
학암경로당(부),35.611567,127.197618,,,,,,,,,,,,,,,,,,,,,,,,,,,,
학암경로당(모),35.611567,127.197618,,,,,,,,,,,,,,,,,,,,,,,,,,,,
선거경로당(모),35.604712,127.178253,,,,,,,,,,,,,,,,,,,,,,,,,,,,
월면경로당,35.627859,127.185013,,,,,,,,,,,,,,,,,,,,,,,,,,,,
사양경로당,35.643507,127.167871,,,,,,,,,,,,,,,,,,,,,,,,,,,,
용운경로당,35.627294,127.142504,,,,,,,,,,,,,,,,,,,,,,,,,,,,
신기경로당,35.593724,127.125826,,,,,,,,,,,,,,,,,,,,,,,,,,,,
대리경로당,35.658798,127.264184,,,,,,,,,,,,,,,,,,,,,,,,,,,,
대리모경로당,35.658798,127.264184,,,,,,,,,,,,,,,,,,,,,,,,,,,,
상천경로당,35.659183,127.230572,,,,,,,,,,,,,,,,,,,,,,,,,,,,
북창경로당,35.63393,127.211372,,,,,,,,,,,,,,,,,,,,,,,,,,,,
야인경로당,36.1232412,126.8280799,,,,,,,,,,,,,,,,,,,,,,,,,,,,
축동노인회,36.1080839,126.8143236,,,,,,,,,,,,,,,,,,,,,,,,,,,,
송산노인정,36.1033004,126.8144593,,,,,,,,,,,,,,,,,,,,,,,,,,,,
원산경로당,36.1197772,126.8333881,,,,,,,,,,,,,,,,,,,,,,,,,,,,
부평구청역 대합실,37.507537,126.7195122,,,,,,,,,,,,,,,,,,,,,,,,,,,,
산곡역 대합실,37.5085441,126.7051375,,,,,,,,,,,,,,,,,,,,,,,,,,,,
대반동 경로당,34.7860312,126.3692053,,,,,,,,,,,,,,,,,,,,,,,,,,,,
율도1구 경로당,34.7970101,126.3209417,,,,,,,,,,,,,,,,,,,,,,,,,,,,
달리2구 경로당,34.7797702,126.3200036,,,,,,,,,,,,,,,,,,,,,,,,,,,,
하가경로당,35.646867,127.220233,,,,,,,,,,,,,,,,,,,,,,,,,,,,
진벌3리 경로당,37.7443741,127.2149438,,,,,,,,,,,,,,,,,,,,,,,,,,,,
상가경로당,35.644668,127.235769,,,,,,,,,,,,,,,,,,,,,,,,,,,,
덕전경로당,35.633145,127.219616,,,,,,,,,,,,,,,,,,,,,,,,,,,,
마전경로당,35.633769,127.226985,,,,,,,,,,,,,,,,,,,,,,,,,,,,
원천경로당,35.654655,127.221715,,,,,,,,,,,,,,,,,,,,,,,,,,,,
원천마을회관,35.6555854,127.2234967,,,,,,,,,,,,,,,,,,,,,,,,,,,,
성원아파트경로당,35.153214,128.7076002,,,,,,,,,,,,,,,,,,,,,,,,,,,,
월드메르디앙경로당,35.1513758,128.7111521,,,,,,,,,,,,,,,,,,,,,,,,,,,,
삼성아파트경로당,35.1478776,128.7081865,,,,,,,,,,,,,,,,,,,,,,,,,,,,
벚꽃마을A경로당,35.1463501,128.7096512,,,,,,,,,,,,,,,,,,,,,,,,,,,,
대동빌라트경로당,35.1529055,128.7067203,,,,,,,,,,,,,,,,,,,,,,,,,,,,
장천동노인회,35.129908,128.7048009,,,,,,,,,,,,,,,,,,,,,,,,,,,,
장천동 서부 노인회,35.1278423,128.6999355,,,,,,,,,,,,,,,,,,,,,,,,,,,,
행암동경로당,35.1155824,128.7009267,,,,,,,,,,,,,,,,,,,,,,,,,,,,
아이존빌 아파트 경로당,35.1386937,128.7062826,,,,,,,,,,,,,,,,,,,,,,,,,,,,
평화마을아파트 노인회,35.1353748,128.7033921,,,,,,,,,,,,,,,,,,,,,,,,,,,,
창인경로당,35.648552,127.268993,,,,,,,,,,,,,,,,,,,,,,,,,,,,
성수면사무소,35.629919,127.333108,,,,,,,,,,,,,,,,,,,,,,,,,,,,
학당마을회관,35.629249,127.333235,,,,,,,,,,,,,,,,,,,,,,,,,,,,
괴정경로당,35.0993386,128.7448081,,,,,,,,,,,,,,,,,,,,,,,,,,,,
수도경로당,35.0849933,128.7449015,,,,,,,,,,,,,,,,,,,,,,,,,,,,
와성경로당,35.100907,128.7639619,,,,,,,,,,,,,,,,,,,,,,,,,,,,
신명경로당,35.0964182,128.7206261,,,,,,,,,,,,,,,,,,,,,,,,,,,,
월남경로당,35.1181614,128.776206,,,,,,,,,,,,,,,,,,,,,,,,,,,,
금곡경로당,35.1253745,128.7859861,,,,,,,,,,,,,,,,,,,,,,,,,,,,
대장경로당,35.1409507,128.7782195,,,,,,,,,,,,,,,,,,,,,,,,,,,,
부암경로당,35.1337779,128.7837988,,,,,,,,,,,,,,,,,,,,,,,,,,,,
청안해오름 경로당,35.1200968,128.790687,,,,,,,,,,,,,,,,,,,,,,,,,,,,
용원남자경로당,35.095177,128.8182478,,,,,,,,,,,,,,,,,,,,,,,,,,,,
용원여자경로당,35.095177,128.8182478,,,,,,,,,,,,,,,,,,,,,,,,,,,,
안골남자경로당,35.0926537,128.7974551,,,,,,,,,,,,,,,,,,,,,,,,,,,,
의곡경로당,35.117176,128.7919656,,,,,,,,,,,,,,,,,,,,,,,,,,,,
마천경로당,35.126265,128.7818623,,,,,,,,,,,,,,,,,,,,,,,,,,,,
남명플럼빌리지 경로당,35.124938,128.7831189,,,,,,,,,,,,,,,,,,,,,,,,,,,,
소사경로당,35.1282135,128.7775607,,,,,,,,,,,,,,,,,,,,,,,,,,,,
가동경로당,35.112184,128.839718,,,,,,,,,,,,,,,,,,,,,,,,,,,,
부영2차아파트여자경로당,35.1033828,128.8036914,,,,,,,,,,,,,,,,,,,,,,,,,,,,
일신님아파트여자경로당,35.103492,128.8091857,,,,,,,,,,,,,,,,,,,,,,,,,,,,
정릉2동 동행경로당,37.603881,127.0088686,,,,,,,,,,,,,,,,,,,,,,,,,,,,
부영3차아파트남자경로당,35.1044106,128.805359,,,,,,,,,,,,,,,,,,,,,,,,,,,,
부영3차아파트여자경로당,35.1044106,128.805359,,,,,,,,,,,,,,,,,,,,,,,,,,,,
원구신마을회관,35.67313,127.370989,,,,,,,,,,,,,,,,,,,,,,,,,,,,
명교경로당,35.557661,127.213322,,,,,,,,,,,,,,,,,,,,,,,,,,,,
발산경로당,35.561758,127.205814,,,,,,,,,,,,,,,,,,,,,,,,,,,,
중앙경로당,35.8211451,127.1549007,,,,,,,,,,,,,,,,,,,,,,,,,,,,
작은골못저수지 산책로,35.4028113,129.2728949,,,,,,,,,,,,,,,,,,,,,,,,,,,,
청계경로당,35.560239,127.232104,,,,,,,,,,,,,,,,,,,,,,,,,,,,
평단경로당,36.6235053,127.7636596,,,,,,,,,,,,,,,,,,,,,,,,,,,,
고성(승암)경로당,36.6614325,127.7832406,,,,,,,,,,,,,,,,,,,,,,,,,,,,
고성(외고)경로당,36.6634743,127.7622538,,,,,,,,,,,,,,,,,,,,,,,,,,,,
원도원경로당,36.6824399,127.779611,,,,,,,,,,,,,,,,,,,,,,,,,,,,
대지동 경로당,36.6494405,126.6898084,,,,,,,,,,,,,,,,,,,,,,,,,,,,
송월 경로당,36.5709875,126.6814237,,,,,,,,,,,,,,,,,,,,,,,,,,,,
옥련1동 주민센터,37.42732,126.655077,,,,,,,,,,,,,,,,,,,,,,,,,,,,
동진아파트 경로당,36.6235164,126.66214,,,,,,,,,,,,,,,,,,,,,,,,,,,,
석교 경로당,36.6516268,126.7014433,,,,,,,,,,,,,,,,,,,,,,,,,,,,
신사 경로당,36.6384033,126.7379983,,,,,,,,,,,,,,,,,,,,,,,,,,,,
입석경로당,35.544148,127.193845,,,,,,,,,,,,,,,,,,,,,,,,,,,,
상중산경로당,35.587509,127.224769,,,,,,,,,,,,,,,,,,,,,,,,,,,,
원좌마을회관,35.73965,127.315354,,,,,,,,,,,,,,,,,,,,,,,,,,,,
오암마을회관,35.753876,127.307077,,,,,,,,,,,,,,,,,,,,,,,,,,,,
성수면보건지소,35.705693,127.338584,,,,,,,,,,,,,,,,,,,,,,,,,,,,
중평마을회관,35.715495,127.34546,,,,,,,,,,,,,,,,,,,,,,,,,,,,
송촌마을회관,35.754299,127.280249,,,,,,,,,,,,,,,,,,,,,,,,,,,,
가수마을회관,35.681856,127.313194,,,,,,,,,,,,,,,,,,,,,,,,,,,,
원신기마을회관,35.679587,127.320863,,,,,,,,,,,,,,,,,,,,,,,,,,,,
내좌마을회관,35.744575,127.332412,,,,,,,,,,,,,,,,,,,,,,,,,,,,
원좌산마을회관,35.686432,127.305012,,,,,,,,,,,,,,,,,,,,,,,,,,,,
원외궁마을회관,35.705475,127.328269,,,,,,,,,,,,,,,,,,,,,,,,,,,,
진월아파트경로당,35.1192406,126.8995083,,,,,,,,,,,,,,,,,,,,,,,,,,,,
상도곡마을회관,35.559343,128.8306916,,,,,,,,,,,,,,,,,,,,,,,,,,,,
독산신도아파트경로당,37.4770308,126.9003809,,,,,,,,,,,,,,,,,,,,,,,,,,,,
독산3동주민센터,37.4751601,126.9031743,,,,,,,,,,,,,,,,,,,,,,,,,,,,
한양수자인아파트경로당,37.475639,126.899429,,,,,,,,,,,,,,,,,,,,,,,,,,,,
금천호암노인종합복지관,37.4695383,126.906447,,,,,,,,,,,,,,,,,,,,,,,,,,,,
정심경로당,37.4693606,126.9016002,,,,,,,,,,,,,,,,,,,,,,,,,,,,
포평마을회관,35.5426116,128.7652339,,,,,,,,,,,,,,,,,,,,,,,,,,,,
여수마을회관,35.5658331,128.7399213,,,,,,,,,,,,,,,,,,,,,,,,,,,,
고정마을회관,35.5662128,128.7974559,,,,,,,,,,,,,,,,,,,,,,,,,,,,
고답마을회관,35.5636711,128.7993553,,,,,,,,,,,,,,,,,,,,,,,,,,,,
모정마을회관,35.562117,128.8315054,,,,,,,,,,,,,,,,,,,,,,,,,,,,
월문리경로당,36.701418,127.74648,,,,,,,,,,,,,,,,,,,,,,,,,,,,
지산경로당,35.0833719,126.8742105,,,,,,,,,,,,,,,,,,,,,,,,,,,,
삼진하트빌경로당,35.1437219,126.9017904,,,,,,,,,,,,,,,,,,,,,,,,,,,,
달지1리 경로당,36.5741925,128.2769154,,,,,,,,,,,,,,,,,,,,,,,,,,,,
충곡2리 경로당,36.1954124,127.1738962,,,,,,,,,,,,,,,,,,,,,,,,,,,,
신풍리 경로당,36.1848377,127.1772629,,,,,,,,,,,,,,,,,,,,,,,,,,,,
탑정1리 경로당,36.1816494,127.147969,,,,,,,,,,,,,,,,,,,,,,,,,,,,
탑정2리 경로당,36.1900377,127.1353281,,,,,,,,,,,,,,,,,,,,,,,,,,,,
탑정3리 경로당,36.1795408,127.1425159,,,,,,,,,,,,,,,,,,,,,,,,,,,,
신교1리 경로당,36.1888823,127.1456724,,,,,,,,,,,,,,,,,,,,,,,,,,,,
신교2리 경로당,36.1919811,127.1322745,,,,,,,,,,,,,,,,,,,,,,,,,,,,
벽산그린타운 경로당,35.1947939,129.0135978,,,,,,,,,,,,,,,,,,,,,,,,,,,,
태평양아파트 경로당,35.1954006,129.0135007,,,,,,,,,,,,,,,,,,,,,,,,,,,,
원북2리 경로당,36.6975574,128.017538,,,,,,,,,,,,,,,,,,,,,,,,,,,,
왕능1리 경로당,36.773605,128.31492,,,,,,,,,,,,,,,,,,,,,,,,,,,,
수예리 경로당,36.768725,128.314107,,,,,,,,,,,,,,,,,,,,,,,,,,,,
작천2리 마을회관,36.646907,128.035338,,,,,,,,,,,,,,,,,,,,,,,,,,,,
성유2리 경로당,36.598667,128.002509,,,,,,,,,,,,,,,,,,,,,,,,,,,,
완장리 경로당,36.6745931,127.9894214,,,,,,,,,,,,,,,,,,,,,,,,,,,,
상괴2리 경로당,36.6606572,128.0241251,,,,,,,,,,,,,,,,,,,,,,,,,,,,
하괴1리 경로당,36.692177,128.119761,,,,,,,,,,,,,,,,,,,,,,,,,,,,
하괴3리 경로당,36.839158,128.247617,,,,,,,,,,,,,,,,,,,,,,,,,,,,
죽문1리하죽문 경로당,36.6636624,128.0030523,,,,,,,,,,,,,,,,,,,,,,,,,,,,
왕태2리 경로당,36.5932419,128.2676785,,,,,,,,,,,,,,,,,,,,,,,,,,,,
오룡리 경로당,36.5797166,128.2717977,,,,,,,,,,,,,,,,,,,,,,,,,,,,
금림1리 경로당,36.57306,128.2663331,,,,,,,,,,,,,,,,,,,,,,,,,,,,
과곡2리 경로당,36.6361326,128.2768257,,,,,,,,,,,,,,,,,,,,,,,,,,,,
현대빌라경로당,37.4400756,126.9027433,,,,,,,,,,,,,,,,,,,,,,,,,,,,
월봉경로당,35.4928046,129.4261083,,,,,,,,,,,,,,,,,,,,,,,,,,,,
화정주공경로당,35.4945767,129.4194983,,,,,,,,,,,,,,,,,,,,,,,,,,,,
지산마을경로당,35.498381,129.067928,,,,,,,,,,,,,,,,,,,,,,,,,,,,
평산마을경로당,35.4925471,129.0683565,,,,,,,,,,,,,,,,,,,,,,,,,,,,
서리마을경로당,35.4974464,129.0760199,,,,,,,,,,,,,,,,,,,,,,,,,,,,
대원마을경로당,35.495421,129.081568,,,,,,,,,,,,,,,,,,,,,,,,,,,,
초산마을경로당,35.485164,129.08765,,,,,,,,,,,,,,,,,,,,,,,,,,,,
지곡마을경로당,35.4897365,129.0843531,,,,,,,,,,,,,,,,,,,,,,,,,,,,
성천마을경로당,35.4792372,129.08986,,,,,,,,,,,,,,,,,,,,,,,,,,,,
교동 경로당 (동항2리 마을회관),37.0672817,127.1973132,,,,,,,,,,,,,,,,,,,,,,,,,,,,
대촌1리 경로당,36.8456856,128.520933,,,,,,,,,,,,,,,,,,,,,,,,,,,,
한천리 노인정,36.8286164,128.5119198,,,,,,,,,,,,,,,,,,,,,,,,,,,,
왕태1리 경로당,36.5950288,128.2740125,,,,,,,,,,,,,,,,,,,,,,,,,,,,
산양면분회 경로당,36.6161852,128.2593126,,,,,,,,,,,,,,,,,,,,,,,,,,,,
현리 경로당,36.6392227,128.256826,,,,,,,,,,,,,,,,,,,,,,,,,,,,
신흥경로당,37.4570322,126.9073526,,,,,,,,,,,,,,,,,,,,,,,,,,,,
시흥4동주민센터,37.458957,126.9061289,,,,,,,,,,,,,,,,,,,,,,,,,,,,
새재미마을활력소,37.4623248,126.9101755,,,,,,,,,,,,,,,,,,,,,,,,,,,,
읍내경로당,37.4504237,126.9063177,,,,,,,,,,,,,,,,,,,,,,,,,,,,
말응1리 경로당,36.550537,128.2419469,,,,,,,,,,,,,,,,,,,,,,,,,,,,
율곡1리 경로당,36.553503,128.233502,,,,,,,,,,,,,,,,,,,,,,,,,,,,
영순면분회 경로당,36.5811,128.2366,,,,,,,,,,,,,,,,,,,,,,,,,,,,
의곡1리 경로당,36.5838657,128.2367003,,,,,,,,,,,,,,,,,,,,,,,,,,,,
의곡3리 경로당,36.5628178,128.2251519,,,,,,,,,,,,,,,,,,,,,,,,,,,,
김용리 경로당,36.5907,128.217,,,,,,,,,,,,,,,,,,,,,,,,,,,,
포내1리 경로당,36.5972296,128.2153526,,,,,,,,,,,,,,,,,,,,,,,,,,,,
사근1리 마을회관,36.579953,128.2451849,,,,,,,,,,,,,,,,,,,,,,,,,,,,
하촌2리회관(경로당),36.7763697,128.4972505,,,,,,,,,,,,,,,,,,,,,,,,,,,,
벽산3단지아파트경로당,37.4527774,126.9171457,,,,,,,,,,,,,,,,,,,,,,,,,,,,
벽산5단지아파트경로당,37.4478964,126.9170961,,,,,,,,,,,,,,,,,,,,,,,,,,,,
벽산타운경로당,37.4495756,126.9215671,,,,,,,,,,,,,,,,,,,,,,,,,,,,
아람경로당,37.3244211,126.8590212,,,,,,,,,,,,,,,,,,,,,,,,,,,,
제일경로당,37.335539,126.8647,,,,,,,,,,,,,,,,,,,,,,,,,,,,
정재경로당,37.3346545,126.8632038,,,,,,,,,,,,,,,,,,,,,,,,,,,,
시랑경로당,37.3324763,126.8648246,,,,,,,,,,,,,,,,,,,,,,,,,,,,
부남경로당,37.3268093,126.8605788,,,,,,,,,,,,,,,,,,,,,,,,,,,,
부곡경로당,37.3230176,126.8604504,,,,,,,,,,,,,,,,,,,,,,,,,,,,
탑동경로당,37.4515457,126.9094037,,,,,,,,,,,,,,,,,,,,,,,,,,,,
건영아파트경로당,37.4494274,126.9108419,,,,,,,,,,,,,,,,,,,,,,,,,,,,
삼수마을경로당(하),35.4680277,129.0797532,,,,,,,,,,,,,,,,,,,,,,,,,,,,
백학마을경로당,35.4734145,129.0846723,,,,,,,,,,,,,,,,,,,,,,,,,,,,
진목마을회경로당,35.466724,129.082688,,,,,,,,,,,,,,,,,,,,,,,,,,,,
녹동마을경로당,35.453318,129.084774,,,,,,,,,,,,,,,,,,,,,,,,,,,,
시흥경남아파트 경로당,37.4544676,126.9067425,,,,,,,,,,,,,,,,,,,,,,,,,,,,
금강아파트경로당,37.4632638,126.9082386,,,,,,,,,,,,,,,,,,,,,,,,,,,,
야평경로당,35.0904001,126.8658251,,,,,,,,,,,,,,,,,,,,,,,,,,,,
대하2리 마을회관,36.6735858,128.2639845,,,,,,,,,,,,,,,,,,,,,,,,,,,,
이곡리 마을회관,36.613422,128.178372,,,,,,,,,,,,,,,,,,,,,,,,,,,,
우곡1리 마을회관,36.605614,128.183802,,,,,,,,,,,,,,,,,,,,,,,,,,,,
우곡2리 마을회관,36.625798,128.157971,,,,,,,,,,,,,,,,,,,,,,,,,,,,
태장3리 마을회관(노인회관),36.9083698,128.5450295,,,,,,,,,,,,,,,,,,,,,,,,,,,,
동원1리구미마을회관(경로당),36.8814063,128.6137508,,,,,,,,,,,,,,,,,,,,,,,,,,,,
구구2리 마을회관(노인회관),36.9036399,128.6106992,,,,,,,,,,,,,,,,,,,,,,,,,,,,
병산2리 경로당,36.935659,128.610992,,,,,,,,,,,,,,,,,,,,,,,,,,,,
옥대1리 경로당,36.9500225,128.6215809,,,,,,,,,,,,,,,,,,,,,,,,,,,,
옥대4리 경로당(마을회관),36.9655086,128.6158794,,,,,,,,,,,,,,,,,,,,,,,,,,,,
원백학경로당,35.4715315,129.0935424,,,,,,,,,,,,,,,,,,,,,,,,,,,,
중리경로당,35.4607333,129.0893689,,,,,,,,,,,,,,,,,,,,,,,,,,,,
진흥목화경로당,35.444495,129.07439,,,,,,,,,,,,,,,,,,,,,,,,,,,,
협진경로당,35.492198,129.08965,,,,,,,,,,,,,,,,,,,,,,,,,,,,
다방경로당,35.3334486,129.0433475,,,,,,,,,,,,,,,,,,,,,,,,,,,,
금촌경로당,35.3325712,129.0395173,,,,,,,,,,,,,,,,,,,,,,,,,,,,
월피경로당,37.334354,126.8586285,,,,,,,,,,,,,,,,,,,,,,,,,,,,
부영5차만수경로당,35.8304625,127.1566898,,,,,,,,,,,,,,,,,,,,,,,,,,,,
아중현대경로당,35.8250764,127.169764,,,,,,,,,,,,,,,,,,,,,,,,,,,,
제일2차경로당,35.8258071,127.1681731,,,,,,,,,,,,,,,,,,,,,,,,,,,,
아중아남경로당,35.8256671,127.1671521,,,,,,,,,,,,,,,,,,,,,,,,,,,,
아중대우1차경로당,35.8337317,127.1664015,,,,,,,,,,,,,,,,,,,,,,,,,,,,
동진경로당,35.8332163,127.1567536,,,,,,,,,,,,,,,,,,,,,,,,,,,,
신월1리 경로당,37.6623205,127.1659411,,,,,,,,,,,,,,,,,,,,,,,,,,,,
신월2리 경로당,37.6709272,127.1693978,,,,,,,,,,,,,,,,,,,,,,,,,,,,
신월3리 경로당,37.66087,127.1527348,,,,,,,,,,,,,,,,,,,,,,,,,,,,
신월4리(동성)경로당,37.6595809,127.1738591,,,,,,,,,,,,,,,,,,,,,,,,,,,,
효원경로당,35.8175339,126.9529631,,,,,,,,,,,,,,,,,,,,,,,,,,,,
홍정경로당(신흥),35.8121646,126.9519165,,,,,,,,,,,,,,,,,,,,,,,,,,,,
봉바위어르신사랑방,37.543202,126.841371,,,,,,,,,,,,,,,,,,,,,,,,,,,,
우장산동주민센터,37.548234,126.841791,,,,,,,,,,,,,,,,,,,,,,,,,,,,
강서월드메르디앙(아)어르신사랑방,37.5567144,126.8429235,,,,,,,,,,,,,,,,,,,,,,,,,,,,
우장산SK뷰(아)어르신사랑방,37.5479908,126.8433916,,,,,,,,,,,,,,,,,,,,,,,,,,,,
우장산힐스테이트(아)어르신사랑방,37.5562459,126.8390003,,,,,,,,,,,,,,,,,,,,,,,,,,,,
공항동부어르신사랑방,37.5595668,126.8128315,,,,,,,,,,,,,,,,,,,,,,,,,,,,
진관5리(화성)경로당,37.6581274,127.1743517,,,,,,,,,,,,,,,,,,,,,,,,,,,,
별1리 여자 경로당,36.7275188,126.7696753,,,,,,,,,,,,,,,,,,,,,,,,,,,,
종경리 경로당,36.7306917,126.8213573,,,,,,,,,,,,,,,,,,,,,,,,,,,,
계촌리 경로당,36.7426477,126.8310528,,,,,,,,,,,,,,,,,,,,,,,,,,,,
두곡리 경로당,36.7483061,126.8280797,,,,,,,,,,,,,,,,,,,,,,,,,,,,
오성유토피아경로당,35.8404371,127.1144367,,,,,,,,,,,,,,,,,,,,,,,,,,,,
호반촌경로당,35.8525353,127.1160527,,,,,,,,,,,,,,,,,,,,,,,,,,,,
거성경로당,35.8372599,127.1216911,,,,,,,,,,,,,,,,,,,,,,,,,,,,
용정9리(한신1)경로당,37.6597371,127.177876,,,,,,,,,,,,,,,,,,,,,,,,,,,,
용정10리(한신1)경로당,37.6590669,127.1804493,,,,,,,,,,,,,,,,,,,,,,,,,,,,
용정11리(한신2)경로당,37.6585313,127.1816492,,,,,,,,,,,,,,,,,,,,,,,,,,,,
용정14리(한신3)경로당,37.6586252,127.1791245,,,,,,,,,,,,,,,,,,,,,,,,,,,,
대율경로당,37.000972,128.66186,,,,,,,,,,,,,,,,,,,,,,,,,,,,
노곡1리경로당,36.970201,128.634976,,,,,,,,,,,,,,,,,,,,,,,,,,,,
소천1리 경로당,36.980402,128.659772,,,,,,,,,,,,,,,,,,,,,,,,,,,,
소천2리경로당,36.981844,128.656426,,,,,,,,,,,,,,,,,,,,,,,,,,,,
신종1리 경로당,36.756008,126.8223,,,,,,,,,,,,,,,,,,,,,,,,,,,,
신종2리 경로당,36.7646565,126.8169132,,,,,,,,,,,,,,,,,,,,,,,,,,,,
하평리 경로당,36.7838611,126.8267739,,,,,,,,,,,,,,,,,,,,,,,,,,,,
신택1리 경로당,36.760442,126.8050214,,,,,,,,,,,,,,,,,,,,,,,,,,,,
희망경로당,35.3474,129.0441,,,,,,,,,,,,,,,,,,,,,,,,,,,,
우방타운 경로당,36.004159,129.19726,,,,,,,,,,,,,,,,,,,,,,,,,,,,
한동화성 경로당,36.000667,129.184064,,,,,,,,,,,,,,,,,,,,,,,,,,,,
옥산4리 마을회관,35.991624,129.169678,,,,,,,,,,,,,,,,,,,,,,,,,,,,
하강 경로당,35.979796,129.14012,,,,,,,,,,,,,,,,,,,,,,,,,,,,
현리교,36.6373192,128.2556062,,,,,,,,,,,,,,,,,,,,,,,,,,,,
추산 쉼터,36.6151036,128.2346016,,,,,,,,,,,,,,,,,,,,,,,,,,,,
호계 숲,36.644607,128.189013,,,,,,,,,,,,,,,,,,,,,,,,,,,,
우본2리 쉼터,36.6222419,128.2760924,,,,,,,,,,,,,,,,,,,,,,,,,,,,
굴골 쉼터,36.6268791,128.2374313,,,,,,,,,,,,,,,,,,,,,,,,,,,,
형천2리 쉼터,36.6442448,128.2927822,,,,,,,,,,,,,,,,,,,,,,,,,,,,
형천3리 쉼터,36.6453117,128.2859327,,,,,,,,,,,,,,,,,,,,,,,,,,,,
위만2리 쉼터,36.6491933,128.3045468,,,,,,,,,,,,,,,,,,,,,,,,,,,,
양지경로당,35.7968225,126.9080532,,,,,,,,,,,,,,,,,,,,,,,,,,,,
화동경로당,35.8083149,126.9062224,,,,,,,,,,,,,,,,,,,,,,,,,,,,
농원마을경로당,35.8147163,126.9289849,,,,,,,,,,,,,,,,,,,,,,,,,,,,
대리경로당,35.8076342,126.9285507,,,,,,,,,,,,,,,,,,,,,,,,,,,,
소사 경로당,35.331249,128.473736,,,,,,,,,,,,,,,,,,,,,,,,,,,,
평림 마을회관 (경로당),35.3344959,128.4536664,,,,,,,,,,,,,,,,,,,,,,,,,,,,
신등 마을회관,35.3411169,128.4388356,,,,,,,,,,,,,,,,,,,,,,,,,,,,
취무 마을회관 (경로당),35.3394785,128.4300384,,,,,,,,,,,,,,,,,,,,,,,,,,,,
옥산 마을회관 (경로당),35.3279715,128.4311167,,,,,,,,,,,,,,,,,,,,,,,,,,,,
우신경로당,35.8507063,127.1635886,,,,,,,,,,,,,,,,,,,,,,,,,,,,
서북안경로당,35.3506478,129.0422398,,,,,,,,,,,,,,,,,,,,,,,,,,,,
신기1경로당,35.348902,129.0473682,,,,,,,,,,,,,,,,,,,,,,,,,,,,
명곡경로당,35.3465524,129.0777013,,,,,,,,,,,,,,,,,,,,,,,,,,,,
양산시노인복지관,35.3461,129.0412,,,,,,,,,,,,,,,,,,,,,,,,,,,,
남목경로당,36.952518,128.614921,,,,,,,,,,,,,,,,,,,,,,,,,,,,
북지2리 노인회관(마을회관),36.9917962,128.6808834,,,,,,,,,,,,,,,,,,,,,,,,,,,,
소천3리경로당,36.9788,128.652839,,,,,,,,,,,,,,,,,,,,,,,,,,,,
소천5리경로당,36.9898521,128.6414321,,,,,,,,,,,,,,,,,,,,,,,,,,,,
시영아파트노인정,35.8067645,126.8968424,,,,,,,,,,,,,,,,,,,,,,,,,,,,
포내경로당,35.8090403,126.9447839,,,,,,,,,,,,,,,,,,,,,,,,,,,,
검산주공1단지아파트경로당,35.8076816,126.8964323,,,,,,,,,,,,,,,,,,,,,,,,,,,,
주공아파트 경로당,35.4844578,128.7508473,,,,,,,,,,,,,,,,,,,,,,,,,,,,
약석쉼터,36.654577,128.266315,,,,,,,,,,,,,,,,,,,,,,,,,,,,
전두구암쉼터,36.73906,128.248287,,,,,,,,,,,,,,,,,,,,,,,,,,,,
유곡새마을 큰샘 정자,36.37298,128.09376,,,,,,,,,,,,,,,,,,,,,,,,,,,,
새터마을 정자,36.38263,128.10111,,,,,,,,,,,,,,,,,,,,,,,,,,,,
유곡새마을 소공원,36.37246,128.09463,,,,,,,,,,,,,,,,,,,,,,,,,,,,
모전공원,36.587874,128.18625,,,,,,,,,,,,,,,,,,,,,,,,,,,,
반쟁이공원,36.591055,128.19163,,,,,,,,,,,,,,,,,,,,,,,,,,,,
장원하이드파크 쉼터,36.587179,128.194031,,,,,,,,,,,,,,,,,,,,,,,,,,,,
인곡리 마을회관 건너 정자,36.709927,128.304179,,,,,,,,,,,,,,,,,,,,,,,,,,,,
석항1리 마을회관 옆 정자,36.761017,128.343395,,,,,,,,,,,,,,,,,,,,,,,,,,,,
외어4리 마을회관 앞 정자,36.694622,128.124416,,,,,,,,,,,,,,,,,,,,,,,,,,,,
신현2리 마을회관 뒤 공원,36.676337,128.121672,,,,,,,,,,,,,,,,,,,,,,,,,,,,
"상내 1,2리 갈림 길 앞 정자",36.677159,128.073173,,,,,,,,,,,,,,,,,,,,,,,,,,,,
정리 마을 공원,36.686244,128.101864,,,,,,,,,,,,,,,,,,,,,,,,,,,,
남호 정류장 옆 정자,36.706267,128.120438,,,,,,,,,,,,,,,,,,,,,,,,,,,,
하내 빨래터 옆 정자,36.662994,128.082778,,,,,,,,,,,,,,,,,,,,,,,,,,,,
정리2리 마을회관 앞 정자,36.68701,128.106742,,,,,,,,,,,,,,,,,,,,,,,,,,,,
중앙 마을회관 (경로당),35.3471232,128.4390779,,,,,,,,,,,,,,,,,,,,,,,,,,,,
흥덕로타리공원,36.6066512,128.2055452,,,,,,,,,,,,,,,,,,,,,,,,,,,,
동부공원,36.6042903,128.207697,,,,,,,,,,,,,,,,,,,,,,,,,,,,
신흥경로당공원,36.6003294,128.2039727,,,,,,,,,,,,,,,,,,,,,,,,,,,,
어린왕자공원,36.601342,128.2067392,,,,,,,,,,,,,,,,,,,,,,,,,,,,
배실마을 정자,36.36547,128.10177,,,,,,,,,,,,,,,,,,,,,,,,,,,,
애향경로당 정자,36.36202,128.11017,,,,,,,,,,,,,,,,,,,,,,,,,,,,
고원 마을회관(경로당),35.3452953,128.4510287,,,,,,,,,,,,,,,,,,,,,,,,,,,,
공원장충경로당,37.558511,127.003887,,,,,,,,,,,,,,,,,,,,,,,,,,,,
장충동 주민센터,37.5619114,127.0078704,,,,,,,,,,,,,,,,,,,,,,,,,,,,
광희동 주민센터,37.5644512,127.004986,,,,,,,,,,,,,,,,,,,,,,,,,,,,
광희경로당,37.5644485,127.0050323,,,,,,,,,,,,,,,,,,,,,,,,,,,,
을지로동 주민센터,37.5670184,126.99137,,,,,,,,,,,,,,,,,,,,,,,,,,,,
을지경로당,37.5659616,126.998885,,,,,,,,,,,,,,,,,,,,,,,,,,,,
신당동 주민센터,37.562105,127.0145515,,,,,,,,,,,,,,,,,,,,,,,,,,,,
신당경로당,37.5610445,127.0134654,,,,,,,,,,,,,,,,,,,,,,,,,,,,
신일경로당,37.5626078,127.0101967,,,,,,,,,,,,,,,,,,,,,,,,,,,,
동선동 주민센터,37.593941,127.020394,,,,,,,,,,,,,,,,,,,,,,,,,,,,
동선동제1경로당,37.595696,127.020716,,,,,,,,,,,,,,,,,,,,,,,,,,,,
동선동제2경로당,37.595275,127.015586,,,,,,,,,,,,,,,,,,,,,,,,,,,,
성북시각장애인복지관,37.5955074,127.0193775,,,,,,,,,,,,,,,,,,,,,,,,,,,,
국민은행 돈암동지점,37.5930247,127.0176486,,,,,,,,,,,,,,,,,,,,,,,,,,,,
새마을금고 삼선(본점),37.5942534,127.0164414,,,,,,,,,,,,,,,,,,,,,,,,,,,,
교동분회 경로당,35.5039333,128.7531841,,,,,,,,,,,,,,,,,,,,,,,,,,,,
가야농협 법수지점,35.3148644,128.3534717,,,,,,,,,,,,,,,,,,,,,,,,,,,,
윤산마을회관,35.3136644,128.3726499,,,,,,,,,,,,,,,,,,,,,,,,,,,,
부촌 마을회관,35.3652048,128.4650748,,,,,,,,,,,,,,,,,,,,,,,,,,,,
가등 경로당,35.3388983,128.4419767,,,,,,,,,,,,,,,,,,,,,,,,,,,,
장충경로당,37.559679,127.001539,,,,,,,,,,,,,,,,,,,,,,,,,,,,
성남경로당,35.9873857,126.8520141,,,,,,,,,,,,,,,,,,,,,,,,,,,,
만석경로당,35.9763019,126.9012058,,,,,,,,,,,,,,,,,,,,,,,,,,,,
술산경로당,35.9546747,126.8646741,,,,,,,,,,,,,,,,,,,,,,,,,,,,
쌈지경로당,37.5497206,127.0100319,,,,,,,,,,,,,,,,,,,,,,,,,,,,
하늘경로당,37.5492943,127.0091908,,,,,,,,,,,,,,,,,,,,,,,,,,,,
약수경로당,37.5531516,127.0101447,,,,,,,,,,,,,,,,,,,,,,,,,,,,
삼성경로당,37.5581449,127.0178868,,,,,,,,,,,,,,,,,,,,,,,,,,,,
대양경로당,37.5548532,127.0147545,,,,,,,,,,,,,,,,,,,,,,,,,,,,
청송경로당,37.5595366,127.0180876,,,,,,,,,,,,,,,,,,,,,,,,,,,,
청구동주민센터,37.5571022,127.0146791,,,,,,,,,,,,,,,,,,,,,,,,,,,,
청구경로당,37.556536,127.0143731,,,,,,,,,,,,,,,,,,,,,,,,,,,,
신당종합사회복지관,37.5544522,127.0095547,,,,,,,,,,,,,,,,,,,,,,,,,,,,
다산경로당,37.5595449,127.0120608,,,,,,,,,,,,,,,,,,,,,,,,,,,,
충현경로당,37.5544732,127.0056789,,,,,,,,,,,,,,,,,,,,,,,,,,,,
다산동 주민센터,37.5542653,127.0083084,,,,,,,,,,,,,,,,,,,,,,,,,,,,
약수동주민센터,37.5524756,127.0089583,,,,,,,,,,,,,,,,,,,,,,,,,,,,
남산숲경로당,37.5497778,127.0097761,,,,,,,,,,,,,,,,,,,,,,,,,,,,
축산경로당,35.9922268,126.8508089,,,,,,,,,,,,,,,,,,,,,,,,,,,,
장명 경로당,35.3026986,128.3773256,,,,,,,,,,,,,,,,,,,,,,,,,,,,
양포 경로당,35.3165128,128.4080761,,,,,,,,,,,,,,,,,,,,,,,,,,,,
곡천경로당,35.8782747,127.0583915,,,,,,,,,,,,,,,,,,,,,,,,,,,,
봉천종합사회복지관,37.4866852,126.9575763,,,,,,,,,,,,,,,,,,,,,,,,,,,,
관악구장애인종합복지관,37.4774484,126.9618457,,,,,,,,,,,,,,,,,,,,,,,,,,,,
제일훼미리 경로당(1차),35.4804303,128.7518156,,,,,,,,,,,,,,,,,,,,,,,,,,,,
제일훼미리 경로당(2차),35.4816709,128.7519255,,,,,,,,,,,,,,,,,,,,,,,,,,,,
세광맨션경로당,35.4872883,128.7503967,,,,,,,,,,,,,,,,,,,,,,,,,,,,
관악노인종합복지관,37.4930298,126.926328,,,,,,,,,,,,,,,,,,,,,,,,,,,,
강감찬관악종합사회복지관,37.488169,126.9465844,,,,,,,,,,,,,,,,,,,,,,,,,,,,
주공8@경로당,35.3333961,129.0277183,,,,,,,,,,,,,,,,,,,,,,,,,,,,
쌍용@경로당,35.3337746,129.0302074,,,,,,,,,,,,,,,,,,,,,,,,,,,,
청어람@경로당,35.3322079,129.0330693,,,,,,,,,,,,,,,,,,,,,,,,,,,,
논티1리 경로당,36.2449072,126.8050781,,,,,,,,,,,,,,,,,,,,,,,,,,,,
북고리 경로당,36.2396362,126.9307416,,,,,,,,,,,,,,,,,,,,,,,,,,,,
가회3리 경로당,36.1714056,126.991436,,,,,,,,,,,,,,,,,,,,,,,,,,,,
축암 경로당,35.3001786,128.3993306,,,,,,,,,,,,,,,,,,,,,,,,,,,,
입등 경로당,35.2910755,128.3997171,,,,,,,,,,,,,,,,,,,,,,,,,,,,
상광 경로당,35.2466276,128.4086205,,,,,,,,,,,,,,,,,,,,,,,,,,,,
오일경로당,35.9821319,126.8656594,,,,,,,,,,,,,,,,,,,,,,,,,,,,
이곡 경로당,35.3092358,128.4242332,,,,,,,,,,,,,,,,,,,,,,,,,,,,
신내우남푸르미아APT경로당,37.606023,127.098707,,,,,,,,,,,,,,,,,,,,,,,,,,,,
주공4@경로당,35.3354157,129.0308404,,,,,,,,,,,,,,,,,,,,,,,,,,,,
서이동마을경로당,35.340085,129.031747,,,,,,,,,,,,,,,,,,,,,,,,,,,,
미아 경로당,37.627452,127.02854,,,,,,,,,,,,,,,,,,,,,,,,,,,,
요진아파트 경로당,37.633377,127.027001,,,,,,,,,,,,,,,,,,,,,,,,,,,,
신일해피트리경로당,37.625852,127.031223,,,,,,,,,,,,,,,,,,,,,,,,,,,,
요한경로당,37.624618,127.022996,,,,,,,,,,,,,,,,,,,,,,,,,,,,
춘곡신기경로당,35.2575076,128.377137,,,,,,,,,,,,,,,,,,,,,,,,,,,,
도동경로당,35.2600797,128.4047916,,,,,,,,,,,,,,,,,,,,,,,,,,,,
본동 경로당,35.2737128,128.406484,,,,,,,,,,,,,,,,,,,,,,,,,,,,
중동 경로당,35.2780403,128.4052338,,,,,,,,,,,,,,,,,,,,,,,,,,,,
해동 경로당,35.2763259,128.4036659,,,,,,,,,,,,,,,,,,,,,,,,,,,,
동동 경로당,35.2778896,128.40568,,,,,,,,,,,,,,,,,,,,,,,,,,,,
새마을금고 함안본점,35.2775897,128.4056736,,,,,,,,,,,,,,,,,,,,,,,,,,,,
도덕여자경로당,35.8913204,127.0252431,,,,,,,,,,,,,,,,,,,,,,,,,,,,
매암경로당,35.8607738,127.0157883,,,,,,,,,,,,,,,,,,,,,,,,,,,,
서당마을경로당,35.8916284,127.0711156,,,,,,,,,,,,,,,,,,,,,,,,,,,,
연봉경로당,37.550355,126.962178,,,,,,,,,,,,,,,,,,,,,,,,,,,,
공덕2동제1경로당,37.547228,126.954464,,,,,,,,,,,,,,,,,,,,,,,,,,,,
큰덕경로당,37.549499,126.960466,,,,,,,,,,,,,,,,,,,,,,,,,,,,
덕성경로당,37.543691,126.9572,,,,,,,,,,,,,,,,,,,,,,,,,,,,
도화동주민센터,37.541459,126.949836,,,,,,,,,,,,,,,,,,,,,,,,,,,,
도도경로당,35.8923605,127.0657579,,,,,,,,,,,,,,,,,,,,,,,,,,,,
남정동경로당,35.8776638,127.0518857,,,,,,,,,,,,,,,,,,,,,,,,,,,,
원반월경로당,35.8582442,127.0346666,,,,,,,,,,,,,,,,,,,,,,,,,,,,
삼오경로당,35.8729447,127.071172,,,,,,,,,,,,,,,,,,,,,,,,,,,,
새마을경로당,35.8115494,127.1502884,,,,,,,,,,,,,,,,,,,,,,,,,,,,
경남@경로당,35.3297085,129.0244764,,,,,,,,,,,,,,,,,,,,,,,,,,,,
이편한@경로당,35.3340511,129.0256832,,,,,,,,,,,,,,,,,,,,,,,,,,,,
주공7@경로당,35.3306453,129.0303496,,,,,,,,,,,,,,,,,,,,,,,,,,,,
대동@경로당,35.339166,129.0334314,,,,,,,,,,,,,,,,,,,,,,,,,,,,
현대@경로당,35.3350897,129.032447,,,,,,,,,,,,,,,,,,,,,,,,,,,,
주공3@경로당,35.3381989,129.0311596,,,,,,,,,,,,,,,,,,,,,,,,,,,,
탑동여자경로당,35.9470143,126.8545872,,,,,,,,,,,,,,,,,,,,,,,,,,,,
"옥천6리 마을회관,경로당",37.514389,127.465611,,,,,,,,,,,,,,,,,,,,,,,,,,,,
옥천2리 마을회관 및 경로당,37.5223199,127.4639296,,,,,,,,,,,,,,,,,,,,,,,,,,,,
고척경로당,35.9510762,126.8404073,,,,,,,,,,,,,,,,,,,,,,,,,,,,
용절경로당,35.9396543,126.8468159,,,,,,,,,,,,,,,,,,,,,,,,,,,,
강골마을회관,34.7647714,127.1887014,,,,,,,,,,,,,,,,,,,,,,,,,,,,
작천마을회관,34.7583293,127.179156,,,,,,,,,,,,,,,,,,,,,,,,,,,,
동곡경로당,34.7770303,127.2067552,,,,,,,,,,,,,,,,,,,,,,,,,,,,
동곡3회관경로당,34.7750086,127.2049203,,,,,,,,,,,,,,,,,,,,,,,,,,,,
동곡새마을경로당,34.7797397,127.2072369,,,,,,,,,,,,,,,,,,,,,,,,,,,,
신동여성경로당,34.7791912,127.209191,,,,,,,,,,,,,,,,,,,,,,,,,,,,
용두경로당,34.7908784,127.2309992,,,,,,,,,,,,,,,,,,,,,,,,,,,,
덕정여성경로당,34.7861243,127.2177256,,,,,,,,,,,,,,,,,,,,,,,,,,,,
조성경로당,34.8084309,127.2471263,,,,,,,,,,,,,,,,,,,,,,,,,,,,
원촌부인경로당,34.808534,127.2481026,,,,,,,,,,,,,,,,,,,,,,,,,,,,
구산여자경로당,35.077876,127.244888,,,,,,,,,,,,,,,,,,,,,,,,,,,,
용촌경로당,35.059823,127.274889,,,,,,,,,,,,,,,,,,,,,,,,,,,,
창촌경로당,35.058201,127.284918,,,,,,,,,,,,,,,,,,,,,,,,,,,,
비룡경로당,35.083705,127.205518,,,,,,,,,,,,,,,,,,,,,,,,,,,,
월봉경로당,35.076786,127.205833,,,,,,,,,,,,,,,,,,,,,,,,,,,,
월평경로당,35.057537,127.276486,,,,,,,,,,,,,,,,,,,,,,,,,,,,
한곡경로당,35.088059,127.232851,,,,,,,,,,,,,,,,,,,,,,,,,,,,
영귀경로당,35.101944,127.247293,,,,,,,,,,,,,,,,,,,,,,,,,,,,
행정경로당,35.048627,127.299004,,,,,,,,,,,,,,,,,,,,,,,,,,,,
가남경로당,35.094908,127.228256,,,,,,,,,,,,,,,,,,,,,,,,,,,,
대구경로당,35.106969,127.236923,,,,,,,,,,,,,,,,,,,,,,,,,,,,
문길경로당,35.055227,127.26768,,,,,,,,,,,,,,,,,,,,,,,,,,,,
외광경로당,35.077282,127.236282,,,,,,,,,,,,,,,,,,,,,,,,,,,,
선산경로당,35.065072,127.25104,,,,,,,,,,,,,,,,,,,,,,,,,,,,
오원경로당,35.069273,127.263504,,,,,,,,,,,,,,,,,,,,,,,,,,,,
무학경로당,35.095449,127.231054,,,,,,,,,,,,,,,,,,,,,,,,,,,,
원동경로당,35.073885,127.232643,,,,,,,,,,,,,,,,,,,,,,,,,,,,
고산경로당,35.064619,127.367157,,,,,,,,,,,,,,,,,,,,,,,,,,,,
가음경로당,35.103759,127.226507,,,,,,,,,,,,,,,,,,,,,,,,,,,,
궁각경로당,35.086423,127.250065,,,,,,,,,,,,,,,,,,,,,,,,,,,,
감성경로당,35.059068,127.28817,,,,,,,,,,,,,,,,,,,,,,,,,,,,
은림마을회관,34.809946,127.277471,,,,,,,,,,,,,,,,,,,,,,,,,,,,
중촌마을회관,34.820731,127.228219,,,,,,,,,,,,,,,,,,,,,,,,,,,,
대동마을회관,34.803306,127.229682,,,,,,,,,,,,,,,,,,,,,,,,,,,,
봉산마을회관,34.797345,127.220766,,,,,,,,,,,,,,,,,,,,,,,,,,,,
수풍마을회관,34.792456,127.214714,,,,,,,,,,,,,,,,,,,,,,,,,,,,
월평마을회관,34.8102001,127.2457804,,,,,,,,,,,,,,,,,,,,,,,,,,,,
사월마을회관,34.8005646,127.2420338,,,,,,,,,,,,,,,,,,,,,,,,,,,,
석부마을회관,34.8037986,127.2523056,,,,,,,,,,,,,,,,,,,,,,,,,,,,
평촌마을회관,34.806507,127.2418818,,,,,,,,,,,,,,,,,,,,,,,,,,,,
월등우체국,35.092124,127.380619,,,,,,,,,,,,,,,,,,,,,,,,,,,,
중앙노인정,35.092236,127.38121,,,,,,,,,,,,,,,,,,,,,,,,,,,,
월등보건지소,35.09334,127.379918,,,,,,,,,,,,,,,,,,,,,,,,,,,,
망룡보건진료소,35.082699,127.406291,,,,,,,,,,,,,,,,,,,,,,,,,,,,
신월보건진료소,35.087468,127.363207,,,,,,,,,,,,,,,,,,,,,,,,,,,,
갈평경로당,35.085272,127.376725,,,,,,,,,,,,,,,,,,,,,,,,,,,,
농곡경로당,35.10352,127.424794,,,,,,,,,,,,,,,,,,,,,,,,,,,,
송광면사무소,34.974256,127.263984,,,,,,,,,,,,,,,,,,,,,,,,,,,,
주암용두경로당,35.11863,127.206318,,,,,,,,,,,,,,,,,,,,,,,,,,,,
동촌경로당,35.06023,127.287561,,,,,,,,,,,,,,,,,,,,,,,,,,,,
복다경로당,35.050783,127.279532,,,,,,,,,,,,,,,,,,,,,,,,,,,,
오산경로당,35.0773,127.286589,,,,,,,,,,,,,,,,,,,,,,,,,,,,
주암경로당,35.063241,127.294857,,,,,,,,,,,,,,,,,,,,,,,,,,,,
귀호경로당,35.077924,127.243436,,,,,,,,,,,,,,,,,,,,,,,,,,,,
원서당경로당,34.705352,127.13678,,,,,,,,,,,,,,,,,,,,,,,,,,,,
은행마을 경로당,34.70379,127.140355,,,,,,,,,,,,,,,,,,,,,,,,,,,,
객산경로당,34.697712,127.164638,,,,,,,,,,,,,,,,,,,,,,,,,,,,
천포경로당,34.7105262,127.1240313,,,,,,,,,,,,,,,,,,,,,,,,,,,,
회령경로당,34.6698179,127.0626324,,,,,,,,,,,,,,,,,,,,,,,,,,,,
후곡회관,35.014139,127.211097,,,,,,,,,,,,,,,,,,,,,,,,,,,,
후곡보건진료소,35.01414,127.210653,,,,,,,,,,,,,,,,,,,,,,,,,,,,
송광면보건지소,34.974255,127.263984,,,,,,,,,,,,,,,,,,,,,,,,,,,,
유경경로당,35.022253,127.223477,,,,,,,,,,,,,,,,,,,,,,,,,,,,
화곡경로당,34.7089474,127.1354291,,,,,,,,,,,,,,,,,,,,,,,,,,,,
샘골경로당,34.7166802,127.1183583,,,,,,,,,,,,,,,,,,,,,,,,,,,,
금광경로당,34.6820063,127.108284,,,,,,,,,,,,,,,,,,,,,,,,,,,,
양동경로당,34.7046721,127.0852386,,,,,,,,,,,,,,,,,,,,,,,,,,,,
갈마경로당,34.7202946,127.1344163,,,,,,,,,,,,,,,,,,,,,,,,,,,,
청포경로당,34.6927315,127.1720947,,,,,,,,,,,,,,,,,,,,,,,,,,,,
지등경로당,34.713647,127.120624,,,,,,,,,,,,,,,,,,,,,,,,,,,,
장동경로당,34.959756,127.271062,,,,,,,,,,,,,,,,,,,,,,,,,,,,
외서면사무소,34.913804,127.277446,,,,,,,,,,,,,,,,,,,,,,,,,,,,
외서보건지소,34.913808,127.277448,,,,,,,,,,,,,,,,,,,,,,,,,,,,
이읍여자경로당,34.969515,127.2661,,,,,,,,,,,,,,,,,,,,,,,,,,,,
봉산경로당,34.985444,127.260445,,,,,,,,,,,,,,,,,,,,,,,,,,,,
외송경로당,35.00595,127.264846,,,,,,,,,,,,,,,,,,,,,,,,,,,,
신곡천경로당,34.984293,127.246087,,,,,,,,,,,,,,,,,,,,,,,,,,,,
신흥경로당,35.018132,127.264623,,,,,,,,,,,,,,,,,,,,,,,,,,,,
대흥경로당,34.937089,127.251125,,,,,,,,,,,,,,,,,,,,,,,,,,,,
월은경로당,34.959468,127.280722,,,,,,,,,,,,,,,,,,,,,,,,,,,,
죽산경로당,34.979047,127.246469,,,,,,,,,,,,,,,,,,,,,,,,,,,,
산척여자경로당,34.984833,127.260633,,,,,,,,,,,,,,,,,,,,,,,,,,,,
녹동경로당,34.704799,127.043391,,,,,,,,,,,,,,,,,,,,,,,,,,,,
채석경로당,34.72249,127.013479,,,,,,,,,,,,,,,,,,,,,,,,,,,,
서재동경로당,34.716652,127.003865,,,,,,,,,,,,,,,,,,,,,,,,,,,,
신림리마을회관,37.0047292,129.3439122,,,,,,,,,,,,,,,,,,,,,,,,,,,,
낙수정 정자,35.8140306,127.1633046,,,,,,,,,,,,,,,,,,,,,,,,,,,,
기린봉아파트 앞 모정,35.8210772,127.1622078,,,,,,,,,,,,,,,,,,,,,,,,,,,,
오성은하아파트 놀이터,35.8117883,127.1234765,,,,,,,,,,,,,,,,,,,,,,,,,,,,
선너머공원,35.809914,127.1264828,,,,,,,,,,,,,,,,,,,,,,,,,,,,
평화주공3단지 아파트,35.7974748,127.1407357,,,,,,,,,,,,,,,,,,,,,,,,,,,,
코오롱아파트 정자,35.7935811,127.1361557,,,,,,,,,,,,,,,,,,,,,,,,,,,,
거마공원,35.7992555,127.1205764,,,,,,,,,,,,,,,,,,,,,,,,,,,,
상백,36.91758,127.31791,,,,,,,,,,,,,,,,,,,,,,,,,,,,
미래원룸 인근,35.8349191,127.1407427,,,,,,,,,,,,,,,,,,,,,,,,,,,,
대신2리경로당,36.6906124,127.6021872,,,,,,,,,,,,,,,,,,,,,,,,,,,,
사랑경로당,36.6363258,127.4711234,,,,,,,,,,,,,,,,,,,,,,,,,,,,
매곡,35.3315083,128.3195849,,,,,,,,,,,,,,,,,,,,,,,,,,,,
함안-01 마을쉼터,35.235021,128.4217316,,,,,,,,,,,,,,,,,,,,,,,,,,,,
가로공원 쉼터,35.1316921,129.1083589,,,,,,,,,,,,,,,,,,,,,,,,,,,,
오조산공원,37.5405508,126.7382909,,,,,,,,,,,,,,,,,,,,,,,,,,,,
서재5리 경로당,35.8770703,128.4984481,,,,,,,,,,,,,,,,,,,,,,,,,,,,
은티마을쉼터,36.7373673,127.9887599,,,,,,,,,,,,,,,,,,,,,,,,,,,,
갈론마을쉼터,36.7364979,127.8497855,,,,,,,,,,,,,,,,,,,,,,,,,,,,
광덕3리마을쉼터,36.7884472,127.793623,,,,,,,,,,,,,,,,,,,,,,,,,,,,
신후평마을쉼터,36.6523605,127.7702852,,,,,,,,,,,,,,,,,,,,,,,,,,,,
운교마을쉼터,36.7197549,127.8247703,,,,,,,,,,,,,,,,,,,,,,,,,,,,
새내공원,35.7961877,127.1247207,,,,,,,,,,,,,,,,,,,,,,,,,,,,
모정,35.3230743,127.3620367,,,,,,,,,,,,,,,,,,,,,,,,,,,,
모정,35.3274073,127.185575,,,,,,,,,,,,,,,,,,,,,,,,,,,,
모정,35.4912297,127.3662383,,,,,,,,,,,,,,,,,,,,,,,,,,,,
정자,35.3999013,127.367972,,,,,,,,,,,,,,,,,,,,,,,,,,,,
모정,35.4097732,127.3695422,,,,,,,,,,,,,,,,,,,,,,,,,,,,
장림2동 2통 쌈지공원,35.0778914,128.9722003,,,,,,,,,,,,,,,,,,,,,,,,,,,,
도리포송림,35.1524354,126.3390823,,,,,,,,,,,,,,,,,,,,,,,,,,,,
한수면 체육공원 쉼터,36.88423,128.08106,,,,,,,,,,,,,,,,,,,,,,,,,,,,
대사마을쉼터,35.3272964,128.4713098,,,,,,,,,,,,,,,,,,,,,,,,,,,,
정자,35.3927482,127.3616212,,,,,,,,,,,,,,,,,,,,,,,,,,,,
월호-3,34.7266077,127.711578,,,,,,,,,,,,,,,,,,,,,,,,,,,,
산남동 경로당,37.6971617,126.6974558,,,,,,,,,,,,,,,,,,,,,,,,,,,,
상백양마을쉼터,36.8494049,127.882915,,,,,,,,,,,,,,,,,,,,,,,,,,,,
사곡마을쉼터,36.7928255,127.875757,,,,,,,,,,,,,,,,,,,,,,,,,,,,
내두리마을쉼터,36.793809,127.8374821,,,,,,,,,,,,,,,,,,,,,,,,,,,,
정자,35.3719919,127.3150868,,,,,,,,,,,,,,,,,,,,,,,,,,,,
정자,35.5265307,127.3994282,,,,,,,,,,,,,,,,,,,,,,,,,,,,
왕숙천무더위 쉼터쉼터1,37.6053529,127.1490136,,,,,,,,,,,,,,,,,,,,,,,,,,,,
하지모정,35.1597435,126.7048279,,,,,,,,,,,,,,,,,,,,,,,,,,,,
용산모정,35.1900928,126.7480319,,,,,,,,,,,,,,,,,,,,,,,,,,,,
안민동마을쉼터,36.8256672,127.8934514,,,,,,,,,,,,,,,,,,,,,,,,,,,,
월송2리 쉼터,36.740009,129.4605093,,,,,,,,,,,,,,,,,,,,,,,,,,,,
구산1리 쉼터,36.9520453,129.3750999,,,,,,,,,,,,,,,,,,,,,,,,,,,,
구산2리 쉼터,36.9445937,129.3709609,,,,,,,,,,,,,,,,,,,,,,,,,,,,
월곡정,35.1739598,126.8069708,,,,,,,,,,,,,,,,,,,,,,,,,,,,
조형 어린이공원,35.221091,126.8172969,,,,,,,,,,,,,,,,,,,,,,,,,,,,
후영2마을쉼터,36.6982461,127.8044102,,,,,,,,,,,,,,,,,,,,,,,,,,,,
백봉2마을쉼터,36.7198512,127.7147692,,,,,,,,,,,,,,,,,,,,,,,,,,,,
모정,35.4475839,127.4461852,,,,,,,,,,,,,,,,,,,,,,,,,,,,
두맹이 예술정원 무더위쉼터,33.512585,126.533806,,,,,,,,,,,,,,,,,,,,,,,,,,,,
퐁낭 무더위쉼터,33.507269,126.526334,,,,,,,,,,,,,,,,,,,,,,,,,,,,
용담공원 야외무더위 쉼터,33.5129223,126.5120417,,,,,,,,,,,,,,,,,,,,,,,,,,,,
용담체육공원 외무더위 쉼터,33.518838,126.4994701,,,,,,,,,,,,,,,,,,,,,,,,,,,,
건입동 건화마을 야외무더위 쉼터,33.513423,126.550401,,,,,,,,,,,,,,,,,,,,,,,,,,,,
상미전마을쉼터,36.8263326,127.8765214,,,,,,,,,,,,,,,,,,,,,,,,,,,,
금대마을쉼터,36.7816969,127.9564331,,,,,,,,,,,,,,,,,,,,,,,,,,,,
다오네 쉼터,36.7924244,129.412603,,,,,,,,,,,,,,,,,,,,,,,,,,,,
척산 쉼터,36.7982597,129.4520838,,,,,,,,,,,,,,,,,,,,,,,,,,,,
기성 쉼터,36.8004045,129.4564132,,,,,,,,,,,,,,,,,,,,,,,,,,,,
좋은 쉼터,36.787243,129.4629618,,,,,,,,,,,,,,,,,,,,,,,,,,,,
선구보건소 쉼터,36.7514648,129.3374587,,,,,,,,,,,,,,,,,,,,,,,,,,,,
야외무더위쉼터-103(남상),34.8470048,127.8188776,,,,,,,,,,,,,,,,,,,,,,,,,,,,
아찬리 마을회관 정자,36.8527344,126.7445634,,,,,,,,,,,,,,,,,,,,,,,,,,,,
남산2리 마을회관 정자,36.8716611,126.7634791,,,,,,,,,,,,,,,,,,,,,,,,,,,,
신당리 마을회관 정자,36.8718021,126.8054917,,,,,,,,,,,,,,,,,,,,,,,,,,,,
초대2리 마을회관 정자,36.9041112,126.7462408,,,,,,,,,,,,,,,,,,,,,,,,,,,,
호암교 옆 정자,37.7147146,127.0504469,,,,,,,,,,,,,,,,,,,,,,,,,,,,
그린 무더위쉼터(나무),33.5036348,126.5518598,,,,,,,,,,,,,,,,,,,,,,,,,,,,
18통 버스정류장 야외 무더위쉼터,37.7706769,126.7748314,,,,,,,,,,,,,,,,,,,,,,,,,,,,
삼다2구 모정,35.3246139,126.9596741,,,,,,,,,,,,,,,,,,,,,,,,,,,,
문주1리 경로당,36.577755,127.5574204,,,,,,,,,,,,,,,,,,,,,,,,,,,,
신송1리 경로당,36.5786275,127.4893761,,,,,,,,,,,,,,,,,,,,,,,,,,,,
쌍수1리 경로당,36.5777378,127.5110625,,,,,,,,,,,,,,,,,,,,,,,,,,,,
모정,35.3303352,127.3144668,,,,,,,,,,,,,,,,,,,,,,,,,,,,
모정,35.3443466,127.308395,,,,,,,,,,,,,,,,,,,,,,,,,,,,
정자,35.3696592,127.313905,,,,,,,,,,,,,,,,,,,,,,,,,,,,
정자,35.3237421,127.3003344,,,,,,,,,,,,,,,,,,,,,,,,,,,,
정자,35.3158198,127.2940129,,,,,,,,,,,,,,,,,,,,,,,,,,,,
신혜원마을쉼터,36.8142552,128.0369668,,,,,,,,,,,,,,,,,,,,,,,,,,,,
금평공원,36.25408,127.3417,,,,,,,,,,,,,,,,,,,,,,,,,,,,
발랑3리 마을회관 옆,37.79705,126.89449,,,,,,,,,,,,,,,,,,,,,,,,,,,,
현화리-2,36.9794082,126.9174536,,,,,,,,,,,,,,,,,,,,,,,,,,,,
가중1리 경로당,36.5762081,127.4785247,,,,,,,,,,,,,,,,,,,,,,,,,,,,
문주2리 경로당,36.5861421,127.5600121,,,,,,,,,,,,,,,,,,,,,,,,,,,,
송암2리 경로당,36.5902889,127.5198891,,,,,,,,,,,,,,,,,,,,,,,,,,,,
효림어린이공원,35.8024575,127.1137478,,,,,,,,,,,,,,,,,,,,,,,,,,,,
세븐팰리스 휴먼시아,35.8099312,127.1015804,,,,,,,,,,,,,,,,,,,,,,,,,,,,
느티나무어린이공원,37.681389,127.8792218,,,,,,,,,,,,,,,,,,,,,,,,,,,,
전나무어린이공원,37.6850198,127.8807998,,,,,,,,,,,,,,,,,,,,,,,,,,,,
희망어린이공원,37.6954987,127.8893339,,,,,,,,,,,,,,,,,,,,,,,,,,,,
도시산림공원 토리숲,37.6895708,127.8932018,,,,,,,,,,,,,,,,,,,,,,,,,,,,
샘터골공원,37.6993913,127.8926056,,,,,,,,,,,,,,,,,,,,,,,,,,,,
관평마을 정자,35.3973652,127.208657,,,,,,,,,,,,,,,,,,,,,,,,,,,,
제2풍영정근린공원 1호공원,35.1724458,126.8141795,,,,,,,,,,,,,,,,,,,,,,,,,,,,
내응마을쉼터,36.7827354,127.9813114,,,,,,,,,,,,,,,,,,,,,,,,,,,,
두촌마을쉼터,36.8675194,127.8068518,,,,,,,,,,,,,,,,,,,,,,,,,,,,
정자,35.397779,127.4532065,,,,,,,,,,,,,,,,,,,,,,,,,,,,
정자,35.3845914,127.4938162,,,,,,,,,,,,,,,,,,,,,,,,,,,,
야외무더위쉼터-128(북남치2),34.9109972,127.8885808,,,,,,,,,,,,,,,,,,,,,,,,,,,,
야외무더위쉼터-133(문항),34.9127679,127.9205936,,,,,,,,,,,,,,,,,,,,,,,,,,,,
동대8통경로당,36.3506186,126.6039403,,,,,,,,,,,,,,,,,,,,,,,,,,,,
동대7통 경로당,36.3465322,126.6001773,,,,,,,,,,,,,,,,,,,,,,,,,,,,
동대4통경로당,36.3478513,126.6173555,,,,,,,,,,,,,,,,,,,,,,,,,,,,
동대23통 경로당,36.3484643,126.6086124,,,,,,,,,,,,,,,,,,,,,,,,,,,,
"동대5,6통 경로당",36.3508162,126.6126356,,,,,,,,,,,,,,,,,,,,,,,,,,,,
평리3구 마을회관,35.1280616,127.2948748,,,,,,,,,,,,,,,,,,,,,,,,,,,,
동암리 마을회관,35.111422,127.295454,,,,,,,,,,,,,,,,,,,,,,,,,,,,
구룡리 마을회관,35.1323482,127.3181819,,,,,,,,,,,,,,,,,,,,,,,,,,,,
용사1구 마을회관,35.126566,127.306733,,,,,,,,,,,,,,,,,,,,,,,,,,,,
용사2구 마을회관,35.1286895,127.3128301,,,,,,,,,,,,,,,,,,,,,,,,,,,,
수곡2구 마을회관,35.1263487,127.3215728,,,,,,,,,,,,,,,,,,,,,,,,,,,,
범계1구 마을회관,35.120749,127.281625,,,,,,,,,,,,,,,,,,,,,,,,,,,,
명천5통 경로당,36.3369786,126.6113483,,,,,,,,,,,,,,,,,,,,,,,,,,,,
"명천11통, 갈매기아파트 경로당",36.341429,126.604275,,,,,,,,,,,,,,,,,,,,,,,,,,,,
명천3통(울음내) 경로당,36.3418313,126.6073721,,,,,,,,,,,,,,,,,,,,,,,,,,,,
궁촌1통 경로당,36.3418313,126.6073721,,,,,,,,,,,,,,,,,,,,,,,,,,,,
"명천13,14통 경로당",36.3432406,126.5959644,,,,,,,,,,,,,,,,,,,,,,,,,,,,
명천7통경로당,36.3451712,126.5974659,,,,,,,,,,,,,,,,,,,,,,,,,,,,
명천15통 경로당,36.326166,126.613602,,,,,,,,,,,,,,,,,,,,,,,,,,,,
궁촌2통 경로당,36.343469,126.6007864,,,,,,,,,,,,,,,,,,,,,,,,,,,,
정월경로당,35.581813,127.266886,,,,,,,,,,,,,,,,,,,,,,,,,,,,
정월양지경로당,35.583477,127.269287,,,,,,,,,,,,,,,,,,,,,,,,,,,,
신기경로당,35.590411,127.232103,,,,,,,,,,,,,,,,,,,,,,,,,,,,
정촌경로당,35.603676,127.250209,,,,,,,,,,,,,,,,,,,,,,,,,,,,
금동경로당,35.598721,127.239086,,,,,,,,,,,,,,,,,,,,,,,,,,,,
낙촌경로당,35.600909,127.244473,,,,,,,,,,,,,,,,,,,,,,,,,,,,
현곡경로당,35.615416,127.250894,,,,,,,,,,,,,,,,,,,,,,,,,,,,
정월샛터경로당,35.586548,127.264459,,,,,,,,,,,,,,,,,,,,,,,,,,,,
당목경로당,35.592293,127.263491,,,,,,,,,,,,,,,,,,,,,,,,,,,,
고산경로당,35.574018,127.262864,,,,,,,,,,,,,,,,,,,,,,,,,,,,
해평경로당,35.616174,127.302323,,,,,,,,,,,,,,,,,,,,,,,,,,,,
감성경로당,35.605281,127.307619,,,,,,,,,,,,,,,,,,,,,,,,,,,,
장현8리 경로당,37.7311387,127.1933236,,,,,,,,,,,,,,,,,,,,,,,,,,,,
주민자치센터,35.838204,127.567652,,,,,,,,,,,,,,,,,,,,,,,,,,,,
장현6리 경로당,37.7312763,127.1915466,,,,,,,,,,,,,,,,,,,,,,,,,,,,
장현7리 경로당,37.7177343,127.1802283,,,,,,,,,,,,,,,,,,,,,,,,,,,,
팔야4리 경로당,37.7518312,127.2311681,,,,,,,,,,,,,,,,,,,,,,,,,,,,
저동3리 경로당,37.5084631,130.9118016,,,,,,,,,,,,,,,,,,,,,,,,,,,,
평리2구 마을회관,35.119126,127.298026,,,,,,,,,,,,,,,,,,,,,,,,,,,,
대곡3구 마을회관,35.108625,127.264665,,,,,,,,,,,,,,,,,,,,,,,,,,,,
신기 마을회관,35.085084,127.265488,,,,,,,,,,,,,,,,,,,,,,,,,,,,
신기2구 마을회관,35.089412,127.291268,,,,,,,,,,,,,,,,,,,,,,,,,,,,
죽정1구 마을회관,35.102634,127.301804,,,,,,,,,,,,,,,,,,,,,,,,,,,,
죽정2구 마을회관,35.09667,127.306781,,,,,,,,,,,,,,,,,,,,,,,,,,,,
신연경로당,35.877889,127.5054797,,,,,,,,,,,,,,,,,,,,,,,,,,,,
대구평경로당,35.8764536,127.5070996,,,,,,,,,,,,,,,,,,,,,,,,,,,,
중기경로당,35.812542,127.4708708,,,,,,,,,,,,,,,,,,,,,,,,,,,,
양지경로당,35.8658827,127.4789946,,,,,,,,,,,,,,,,,,,,,,,,,,,,
앙덕2리 마을회관,37.4451661,127.5140707,,,,,,,,,,,,,,,,,,,,,,,,,,,,
어서마을회관,34.618141,126.903089,,,,,,,,,,,,,,,,,,,,,,,,,,,,
운주마을회관,34.606018,126.890339,,,,,,,,,,,,,,,,,,,,,,,,,,,,
봉황마을회관,34.61296,126.893376,,,,,,,,,,,,,,,,,,,,,,,,,,,,
묵촌 마을회관,34.606209,126.914639,,,,,,,,,,,,,,,,,,,,,,,,,,,,
재송마을회관,34.58214,126.920728,,,,,,,,,,,,,,,,,,,,,,,,,,,,
화양 경로당,35.166762,127.309852,,,,,,,,,,,,,,,,,,,,,,,,,,,,
덕양 경로당,35.178798,127.309795,,,,,,,,,,,,,,,,,,,,,,,,,,,,
봉정여자 경로당,35.180479,127.308078,,,,,,,,,,,,,,,,,,,,,,,,,,,,
죽성 마을회관,35.179248,127.306979,,,,,,,,,,,,,,,,,,,,,,,,,,,,
반송 경로당,35.187321,127.293757,,,,,,,,,,,,,,,,,,,,,,,,,,,,
하죽 마을회관,35.158838,127.317591,,,,,,,,,,,,,,,,,,,,,,,,,,,,
낭산부녀경로당,36.07683,127.009542,,,,,,,,,,,,,,,,,,,,,,,,,,,,
교동경로당,35.8268141,127.4891441,,,,,,,,,,,,,,,,,,,,,,,,,,,,
광진목화경로당,35.8015563,127.1245516,,,,,,,,,,,,,,,,,,,,,,,,,,,,
삼천주공3단지경로당,35.798219,127.1256666,,,,,,,,,,,,,,,,,,,,,,,,,,,,
삼천1동주민자치센터,35.8008269,127.1217806,,,,,,,,,,,,,,,,,,,,,,,,,,,,
이안전주삼천 경로당,35.798949,127.1250921,,,,,,,,,,,,,,,,,,,,,,,,,,,,
고달 할머니 경로당,35.2752667,127.3338043,,,,,,,,,,,,,,,,,,,,,,,,,,,,
상창리경로당,33.272305,126.366153,,,,,,,,,,,,,,,,,,,,,,,,,,,,
송죽경로당,33.227201,126.296867,,,,,,,,,,,,,,,,,,,,,,,,,,,,
용해경로당,33.231114,126.308784,,,,,,,,,,,,,,,,,,,,,,,,,,,,
대전경로당,33.238465,126.366011,,,,,,,,,,,,,,,,,,,,,,,,,,,,
서광서리경로당,33.284931,126.302194,,,,,,,,,,,,,,,,,,,,,,,,,,,,
고달 경로당,35.275318,127.333829,,,,,,,,,,,,,,,,,,,,,,,,,,,,
상백 경로당,35.314895,127.361691,,,,,,,,,,,,,,,,,,,,,,,,,,,,
현정마을회관,35.254204,127.166012,,,,,,,,,,,,,,,,,,,,,,,,,,,,
죽산마을회관,35.232571,127.174077,,,,,,,,,,,,,,,,,,,,,,,,,,,,
대흥마을회관,35.235341,127.181103,,,,,,,,,,,,,,,,,,,,,,,,,,,,
백운마을회관,35.227325,127.193545,,,,,,,,,,,,,,,,,,,,,,,,,,,,
백곡 할머니 경로당,35.313068,127.3461746,,,,,,,,,,,,,,,,,,,,,,,,,,,,
회화마을회관,35.257028,127.193116,,,,,,,,,,,,,,,,,,,,,,,,,,,,
초곡마을회관,35.2613338,127.2116617,,,,,,,,,,,,,,,,,,,,,,,,,,,,
성덕 마을회관,35.200476,127.134583,,,,,,,,,,,,,,,,,,,,,,,,,,,,
가곡 마을회관,35.248208,127.13827,,,,,,,,,,,,,,,,,,,,,,,,,,,,
오산 노인복지회관,35.236063,127.122098,,,,,,,,,,,,,,,,,,,,,,,,,,,,
윗들 경로당,37.6677708,127.0449014,,,,,,,,,,,,,,,,,,,,,,,,,,,,
양수2리 마을회관,37.5461729,127.3198857,,,,,,,,,,,,,,,,,,,,,,,,,,,,
구혜 경로당,35.3587393,128.4258418,,,,,,,,,,,,,,,,,,,,,,,,,,,,
대산 경로당,35.1961431,128.427271,,,,,,,,,,,,,,,,,,,,,,,,,,,,
대촌삼정경로당,35.0806894,126.832563,,,,,,,,,,,,,,,,,,,,,,,,,,,,
창동4차아이파트A 경로당,37.6584395,127.0460968,,,,,,,,,,,,,,,,,,,,,,,,,,,,
현대2차 A 경로당,37.6612011,127.0471485,,,,,,,,,,,,,,,,,,,,,,,,,,,,
동아A 경로당,37.6518966,127.0510725,,,,,,,,,,,,,,,,,,,,,,,,,,,,
노송 경로당,37.6468417,127.0541691,,,,,,,,,,,,,,,,,,,,,,,,,,,,
녹천 경로당,37.6438351,127.0524885,,,,,,,,,,,,,,,,,,,,,,,,,,,,
동아청솔A 경로당,37.6568627,127.0485647,,,,,,,,,,,,,,,,,,,,,,,,,,,,
만수정 경로당,37.6606899,127.0497252,,,,,,,,,,,,,,,,,,,,,,,,,,,,
창동건영캐스빌A 경로당,37.6412934,127.0339017,,,,,,,,,,,,,,,,,,,,,,,,,,,,
장수 경로당,37.6440227,127.037489,,,,,,,,,,,,,,,,,,,,,,,,,,,,
초안 경로당,37.641262,127.035734,,,,,,,,,,,,,,,,,,,,,,,,,,,,
대우A 경로당,37.6417859,127.0359621,,,,,,,,,,,,,,,,,,,,,,,,,,,,
만방1리 경로당,36.7631688,128.6540155,,,,,,,,,,,,,,,,,,,,,,,,,,,,
우곡 노인회관,36.7672167,128.6665938,,,,,,,,,,,,,,,,,,,,,,,,,,,,
권선리 경로당,36.7706373,128.6040966,,,,,,,,,,,,,,,,,,,,,,,,,,,,
남항동행정복지센터,35.090018,129.037647,,,,,,,,,,,,,,,,,,,,,,,,,,,,
대평경로당,35.091343,129.034012,,,,,,,,,,,,,,,,,,,,,,,,,,,,
쌍용A 경로당,37.6597803,127.0469298,,,,,,,,,,,,,,,,,,,,,,,,,,,,
시영아파트 경로당,36.776498,127.000603,,,,,,,,,,,,,,,,,,,,,,,,,,,,
온양2동 주민센터,36.77836,127.003413,,,,,,,,,,,,,,,,,,,,,,,,,,,,
창동종합사회복지관,37.6448276,127.0455373,,,,,,,,,,,,,,,,,,,,,,,,,,,,
창2동 주민센터,37.6414095,127.035679,,,,,,,,,,,,,,,,,,,,,,,,,,,,
방축11통 경로당,36.7857748,126.9923819,,,,,,,,,,,,,,,,,,,,,,,,,,,,
실옥1통 경로당,36.7865354,126.9949182,,,,,,,,,,,,,,,,,,,,,,,,,,,,
장존1통 경로당,36.753743,127.018906,,,,,,,,,,,,,,,,,,,,,,,,,,,,
법곡1통 경로당,36.764069,127.011181,,,,,,,,,,,,,,,,,,,,,,,,,,,,
전도경로당(대양1리 경로당),36.736804,128.595696,,,,,,,,,,,,,,,,,,,,,,,,,,,,
대양2리 경로당,36.7300276,128.5789653,,,,,,,,,,,,,,,,,,,,,,,,,,,,
주공3단지A 경로당,37.648789,127.0436239,,,,,,,,,,,,,,,,,,,,,,,,,,,,
대우그린A 경로당,37.646581,127.049862,,,,,,,,,,,,,,,,,,,,,,,,,,,,
방학2동 경로당,37.669362,127.0314186,,,,,,,,,,,,,,,,,,,,,,,,,,,,
용동회관,35.3850087,128.5075516,,,,,,,,,,,,,,,,,,,,,,,,,,,,
용호회관,35.3728334,128.4994653,,,,,,,,,,,,,,,,,,,,,,,,,,,,
회문회관,35.3073739,128.501582,,,,,,,,,,,,,,,,,,,,,,,,,,,,
태영데시앙A 경로당,37.6417016,127.0332498,,,,,,,,,,,,,,,,,,,,,,,,,,,,
율리마을경로당,35.381967,129.053599,,,,,,,,,,,,,,,,,,,,,,,,,,,,
감결마을경로당,35.389563,129.0481268,,,,,,,,,,,,,,,,,,,,,,,,,,,,
소석마을경로당,35.4108872,129.0544546,,,,,,,,,,,,,,,,,,,,,,,,,,,,
장제마을경로당,35.408171,129.046063,,,,,,,,,,,,,,,,,,,,,,,,,,,,
양지모경로당,35.573579,127.199618,,,,,,,,,,,,,,,,,,,,,,,,,,,,
수풍경로당,35.584137,127.20417,,,,,,,,,,,,,,,,,,,,,,,,,,,,
청웅면사무소,35.5697743,127.2012908,,,,,,,,,,,,,,,,,,,,,,,,,,,,
만지 경로당,35.5653916,127.2070026,,,,,,,,,,,,,,,,,,,,,,,,,,,,
두복경로당,35.584974,127.175749,,,,,,,,,,,,,,,,,,,,,,,,,,,,
사동경로당,35.579949,127.172556,,,,,,,,,,,,,,,,,,,,,,,,,,,,
구고경로당,35.570963,127.200637,,,,,,,,,,,,,,,,,,,,,,,,,,,,
성전경로당,35.58765,127.205128,,,,,,,,,,,,,,,,,,,,,,,,,,,,
암포경로당,35.589462,127.217601,,,,,,,,,,,,,,,,,,,,,,,,,,,,
하중산경로당,35.582905,127.219717,,,,,,,,,,,,,,,,,,,,,,,,,,,,
명동경로당,35.572591,127.225036,,,,,,,,,,,,,,,,,,,,,,,,,,,,
가전경로당,35.570937,127.224213,,,,,,,,,,,,,,,,,,,,,,,,,,,,
석두경로당,35.564676,127.221968,,,,,,,,,,,,,,,,,,,,,,,,,,,,
